path,category,strict_types
Modules/Action1/Config/action1.php,module,yes
Modules/Action1/Config/knowledgebase_features.php,module,yes
Modules/Action1/Console/SyncAction1Command.php,module,yes
Modules/Action1/Console/SyncAllDevices.php,module,yes
Modules/Action1/Contracts/Action1ManageClient.php,module,yes
Modules/Action1/Contracts/Action1RunClient.php,module,yes
Modules/Action1/Contracts/Action1SyncClient.php,module,yes
Modules/Action1/DataTransferObjects/Action1SoftwareDiscoveredData.php,module,yes
Modules/Action1/Database/Migrations/2026_01_01_800000_create_action1_tables.php,module,yes
Modules/Action1/Database/Seeders/Action1DatabaseSeeder.php,module,yes
Modules/Action1/Database/Seeders/KnowledgeBaseSeeder.php,module,yes
Modules/Action1/Enums/Action1Role.php,module,yes
Modules/Action1/Enums/MspScriptCategory.php,module,yes
Modules/Action1/Events/Action1DeviceDiscovered.php,module,yes
Modules/Action1/Events/Action1DeviceUpdated.php,module,yes
Modules/Action1/Events/Action1SoftwareDiscovered.php,module,yes
Modules/Action1/Events/Action1SyncFailed.php,module,yes
Modules/Action1/Http/Controllers/Action1ClientConfigController.php,module,yes
Modules/Action1/Http/Controllers/Action1GroupController.php,module,yes
Modules/Action1/Http/Controllers/Action1ScriptManagerController.php,module,yes
Modules/Action1/Http/Controllers/Action1SettingsController.php,module,yes
Modules/Action1/Http/Controllers/Action1WebhookController.php,module,yes
Modules/Action1/Http/Controllers/AuditController.php,module,yes
Modules/Action1/Http/Controllers/DiagnosticCallbackController.php,module,yes
Modules/Action1/Http/Middleware/VerifyDiagnosticCallbackSignature.php,module,yes
Modules/Action1/Jobs/SyncAction1DevicesJob.php,module,yes
Modules/Action1/Models/Action1Config.php,module,yes
Modules/Action1/Models/Action1GroupMapping.php,module,yes
Modules/Action1/Providers/Action1ServiceProvider.php,module,yes
Modules/Action1/Routes/api.php,module,yes
Modules/Action1/Routes/web.php,module,yes
Modules/Action1/Services/Action1ManageService.php,module,yes
Modules/Action1/Services/Action1RunService.php,module,yes
Modules/Action1/Services/Action1Service.php,module,yes
Modules/Action1/Services/Action1ServiceFactory.php,module,yes
Modules/Action1/Services/Action1SyncService.php,module,yes
Modules/Action1/Services/BaseAction1Service.php,module,yes
Modules/Action1/Services/MspScriptService.php,module,yes
Modules/Action1/Tests/Feature/Action1ApiPestTest.php,tests,yes
Modules/Action1/Tests/Feature/Action1ServicePestTest.php,tests,yes
Modules/Action1/Tests/Feature/Action1WebhookControllerPestTest.php,tests,yes
Modules/Action1/Tests/Feature/DiagnosticCallbackControllerPestTest.php,tests,yes
Modules/Action1/Tests/Feature/SyncAction1DevicesJobPestTest.php,tests,yes
Modules/Action1/Tests/Helpers/TestHelpers.php,tests,yes
Modules/Action1/Tests/Integration/CrossModule/SyncModuleIntegrationTest.php,tests,yes
Modules/Action1/Tests/Integration/Services/MspScriptServicePestTest.php,tests,yes
Modules/Action1/Tests/Pest.php,tests,yes
Modules/Action1/Tests/Unit/Action1ServicePestTest.php,tests,yes
Modules/Action1/Tests/Unit/DiagnosticCallbackMiddlewarePestTest.php,tests,yes
Modules/Alerts/Console/CleanupThrottlesCommand.php,module,yes
Modules/Alerts/Console/ProcessDigestsCommand.php,module,yes
Modules/Alerts/DataTransferObjects/AlertPayload.php,module,yes
Modules/Alerts/Database/Migrations/2026_01_01_200000_create_alerts_tables.php,module,yes
Modules/Alerts/Database/Seeders/AlertTypeSeeder.php,module,yes
Modules/Alerts/Database/Seeders/AlertsDatabaseSeeder.php,module,yes
Modules/Alerts/Database/Seeders/KnowledgeBaseSeeder.php,module,yes
Modules/Alerts/Events/AlertDispatched.php,module,yes
Modules/Alerts/Http/Controllers/AlertDeliveryLogController.php,module,yes
Modules/Alerts/Http/Controllers/AlertSubscriptionController.php,module,yes
Modules/Alerts/Http/Controllers/AlertTypeController.php,module,yes
Modules/Alerts/Listeners/Action1SyncFailedListener.php,module,yes
Modules/Alerts/Listeners/ContractExpiringListener.php,module,yes
Modules/Alerts/Listeners/GoogleSyncFailedListener.php,module,yes
Modules/Alerts/Listeners/InvoicePublishedListener.php,module,yes
Modules/Alerts/Listeners/InvoiceUnusualListener.php,module,yes
Modules/Alerts/Listeners/PaymentFailedListener.php,module,yes
Modules/Alerts/Listeners/SoftwareComplianceAlertListener.php,module,yes
Modules/Alerts/Listeners/SoftwareDeploymentFailedListener.php,module,yes
Modules/Alerts/Models/AlertDeliveryLog.php,module,yes
Modules/Alerts/Models/AlertDigestQueue.php,module,yes
Modules/Alerts/Models/AlertSubscription.php,module,yes
Modules/Alerts/Models/AlertThrottle.php,module,yes
Modules/Alerts/Models/AlertType.php,module,yes
Modules/Alerts/Models/NotificationSubscription.php,module,yes
Modules/Alerts/Notifications/AlertDigestNotification.php,module,yes
Modules/Alerts/Notifications/AlertNotification.php,module,yes
Modules/Alerts/Services/AlertService.php,module,yes
Modules/Alerts/Services/AlertSubscriptionService.php,module,yes
Modules/Alerts/Tests/Feature/Listeners/AlertListenersPestTest.php,tests,yes
Modules/Alerts/Tests/Integration/Services/AlertServicePestTest.php,tests,yes
Modules/Alerts/Tests/Integration/Services/AlertSubscriptionServicePestTest.php,tests,yes
Modules/Alerts/Tests/Pest.php,tests,yes
Modules/Alerts/app/Http/Controllers/AlertsController.php,module,yes
Modules/Alerts/app/Providers/AlertsServiceProvider.php,module,yes
Modules/Alerts/app/Providers/EventServiceProvider.php,module,yes
Modules/Alerts/app/Providers/RouteServiceProvider.php,module,yes
Modules/Alerts/config/config.php,module,yes
Modules/Alerts/routes/api.php,module,yes
Modules/Alerts/routes/web.php,module,yes
Modules/AppHealth/Config/config.php,module,yes
Modules/AppHealth/Contracts/HealthCheckContract.php,module,yes
Modules/AppHealth/Contracts/MetricIngestionContract.php,module,yes
Modules/AppHealth/Contracts/MetricRecorderContract.php,module,yes
Modules/AppHealth/Contracts/TriggerEvaluatorContract.php,module,yes
Modules/AppHealth/Database/Migrations/2026_03_20_000000_create_app_health_scaling_scorecard_snapshots_table.php,module,yes
Modules/AppHealth/Http/Controllers/HealthController.php,module,yes
Modules/AppHealth/Http/Controllers/MetricsController.php,module,yes
Modules/AppHealth/Http/Controllers/OperatorScorecardPageController.php,module,yes
Modules/AppHealth/Http/Controllers/ScalingScorecardController.php,module,yes
Modules/AppHealth/Http/Middleware/EnsureInternalAppHealthAccess.php,module,yes
Modules/AppHealth/Http/Middleware/RecordHttpRouteMetrics.php,module,yes
Modules/AppHealth/Jobs/EvaluateScalingTriggersJob.php,module,yes
Modules/AppHealth/Models/ScalingScorecardSnapshot.php,module,yes
Modules/AppHealth/Providers/AppHealthServiceProvider.php,module,yes
Modules/AppHealth/Routes/api.php,module,yes
Modules/AppHealth/Routes/web.php,module,yes
Modules/AppHealth/Services/HealthCheckService.php,module,yes
Modules/AppHealth/Services/LegacyMetricsCompatibilityAdapter.php,module,yes
Modules/AppHealth/Services/MetricRecorderService.php,module,yes
Modules/AppHealth/Services/RuntimeMetricIngestionService.php,module,yes
Modules/AppHealth/Services/TrendDeltaService.php,module,yes
Modules/AppHealth/Services/TriggerEvaluationService.php,module,yes
Modules/AppHealth/Tests/Feature/InternalEndpointsPestTest.php,tests,yes
Modules/AppHealth/Tests/Feature/OperatorScorecardPagePestTest.php,tests,yes
Modules/AppHealth/Tests/Feature/OperatorScorecardTrendPestTest.php,tests,yes
Modules/AppHealth/Tests/Feature/ScorecardPersistencePestTest.php,tests,yes
Modules/AppHealth/Tests/Pest.php,tests,yes
Modules/AppHealth/Tests/Unit/HistogramRecordingPestTest.php,tests,yes
Modules/AppHealth/Tests/Unit/RuntimeIngestionServicePestTest.php,tests,yes
Modules/AppHealth/Tests/Unit/TriggerEvaluationServicePestTest.php,tests,yes
Modules/AssetManagement/Config/assetmanagement.php,module,yes
Modules/AssetManagement/Config/knowledgebase_features.php,module,yes
Modules/AssetManagement/Database/Factories/AssetFactory.php,module,yes
Modules/AssetManagement/Database/Factories/AssetStagingRecordFactory.php,module,yes
Modules/AssetManagement/Database/Migrations/2026_01_01_600000_create_asset_management_tables.php,module,yes
Modules/AssetManagement/Database/Seeders/AssetManagementDatabaseSeeder.php,module,yes
Modules/AssetManagement/Database/Seeders/KnowledgeBaseSeeder.php,module,yes
Modules/AssetManagement/Entities/Asset.php,module,yes
Modules/AssetManagement/Entities/AssetStagingRecord.php,module,yes
Modules/AssetManagement/Events/AssetCountChanged.php,module,yes
Modules/AssetManagement/Events/AssetStatusChanged.php,module,yes
Modules/AssetManagement/Exceptions/InvalidStatusTransitionException.php,module,yes
Modules/AssetManagement/Http/Controllers/AssetController.php,module,yes
Modules/AssetManagement/Jobs/ReconcileAssetsJob.php,module,yes
Modules/AssetManagement/Jobs/RecordDailyAssetCountJob.php,module,yes
Modules/AssetManagement/Listeners/Action1DeviceDiscoveredListener.php,module,yes
Modules/AssetManagement/Listeners/GoogleChromebookDiscoveredListener.php,module,yes
Modules/AssetManagement/Policies/AssetPolicy.php,module,yes
Modules/AssetManagement/Providers/AssetManagementServiceProvider.php,module,yes
Modules/AssetManagement/Services/AssetCounterService.php,module,yes
Modules/AssetManagement/Services/AssetStatusService.php,module,yes
Modules/AssetManagement/Tests/Feature/Admin/AssetAdminPestTest.php,tests,yes
Modules/AssetManagement/Tests/Feature/AssetAuthorizationPestTest.php,tests,yes
Modules/AssetManagement/Tests/Feature/GoogleChromebookDiscoveredListenerPestTest.php,tests,yes
Modules/AssetManagement/Tests/Integration/AssetCounterServicePestTest.php,tests,yes
Modules/AssetManagement/Tests/Integration/ConcurrentCounterPestTest.php,tests,yes
Modules/AssetManagement/Tests/Integration/CrossModule/CrmAssetIntegrationTest.php,tests,yes
Modules/AssetManagement/Tests/Integration/CrossModule/EventDrivenWorkflowTest.php,tests,yes
Modules/AssetManagement/Tests/Pest.php,tests,yes
Modules/AssetManagement/Widgets/ClientAssetsWidget.php,module,yes
Modules/CaseManager/Config/config.php,module,yes
Modules/CaseManager/Console/CheckGeminiModelsCommand.php,module,yes
Modules/CaseManager/Console/PurgePromptLogsCommand.php,module,yes
Modules/CaseManager/DataTransferObjects/AssetContext.php,module,yes
Modules/CaseManager/DataTransferObjects/DecisionContext.php,module,yes
Modules/CaseManager/DataTransferObjects/GeminiResult.php,module,yes
Modules/CaseManager/DataTransferObjects/GenerateOptions.php,module,yes
Modules/CaseManager/DataTransferObjects/IssueContext.php,module,yes
Modules/CaseManager/DataTransferObjects/StrategyResult.php,module,yes
Modules/CaseManager/Database/Migrations/2026_01_02_200000_create_case_manager_tables.php,module,yes
Modules/CaseManager/Database/Migrations/2026_03_14_000001_add_split_completed_state_to_case_manager_cases.php,module,yes
Modules/CaseManager/Database/Migrations/2026_03_14_000002_drop_redundant_conversation_id_index_from_cases.php,module,yes
Modules/CaseManager/Database/Migrations/2026_03_14_000003_add_parent_case_id_to_case_manager_cases.php,module,yes
Modules/CaseManager/Database/Seeders/CaseManagerDatabaseSeeder.php,module,yes
Modules/CaseManager/Enums/AssetEnvironment.php,module,yes
Modules/CaseManager/Enums/BusinessImpact.php,module,yes
Modules/CaseManager/Enums/ImpactRadius.php,module,yes
Modules/CaseManager/Enums/IssueCategory.php,module,yes
Modules/CaseManager/Enums/IssueType.php,module,yes
Modules/CaseManager/Enums/SuggestedStrategy.php,module,yes
Modules/CaseManager/Exceptions/GeminiException.php,module,yes
Modules/CaseManager/Exceptions/MalformedResponseException.php,module,yes
Modules/CaseManager/Exceptions/RateLimitException.php,module,yes
Modules/CaseManager/Http/Controllers/DashboardController.php,module,yes
Modules/CaseManager/Http/Controllers/FernSettingsController.php,module,yes
Modules/CaseManager/Http/Controllers/SettingsController.php,module,yes
Modules/CaseManager/Http/Controllers/TicketSidebarController.php,module,yes
Modules/CaseManager/Jobs/CheckCaseApiErrorJob.php,module,yes
Modules/CaseManager/Jobs/CheckDiagnosticTimeoutJob.php,module,yes
Modules/CaseManager/Jobs/ProcessCompletedDiagnosticsJob.php,module,yes
Modules/CaseManager/Jobs/ProcessDiagnosticResultJob.php,module,yes
Modules/CaseManager/Listeners/HandleConversationClosed.php,module,yes
Modules/CaseManager/Listeners/HandleConversationCreated.php,module,yes
Modules/CaseManager/Listeners/HandleCustomerReplied.php,module,yes
Modules/CaseManager/Listeners/HandleFernConversationCreated.php,module,yes
Modules/CaseManager/Models/ActivityLog.php,module,yes
Modules/CaseManager/Models/CaseRecord.php,module,yes
Modules/CaseManager/Models/Diagnostic.php,module,yes
Modules/CaseManager/Models/FernCaseRecord.php,module,yes
Modules/CaseManager/Models/FernDiagnostic.php,module,yes
Modules/CaseManager/Models/PromptLog.php,module,yes
Modules/CaseManager/Models/QuickWin.php,module,yes
Modules/CaseManager/Providers/CaseManagerServiceProvider.php,module,yes
Modules/CaseManager/Providers/EventServiceProvider.php,module,yes
Modules/CaseManager/Routes/web.php,module,yes
Modules/CaseManager/Services/AudienceTargetingService.php,module,yes
Modules/CaseManager/Services/AutomatonUserService.php,module,yes
Modules/CaseManager/Services/CaseManagerAiService.php,module,yes
Modules/CaseManager/Services/DecisionEngine.php,module,yes
Modules/CaseManager/Services/FernBudgetService.php,module,yes
Modules/CaseManager/Services/GeminiClient.php,module,yes
Modules/CaseManager/Services/HistoryService.php,module,yes
Modules/CaseManager/Services/KnowledgeEngine.php,module,yes
Modules/CaseManager/Services/RmmBridgeService.php,module,yes
Modules/CaseManager/Services/Strategies/ImmediateRemediationStrategy.php,module,yes
Modules/CaseManager/Services/Strategies/ProposeTicketSplitStrategy.php,module,yes
Modules/CaseManager/Services/Strategies/ProvideKbArticleStrategy.php,module,yes
Modules/CaseManager/Services/Strategies/ReopenAndLinkStrategy.php,module,yes
Modules/CaseManager/Services/Strategies/RouteToTechnicianStrategy.php,module,yes
Modules/CaseManager/Services/Strategies/StrategyInterface.php,module,yes
Modules/CaseManager/Services/Strategies/TriageAndClarifyStrategy.php,module,yes
Modules/CaseManager/Tests/Feature/Controllers/DashboardControllerTest.php,tests,yes
Modules/CaseManager/Tests/Feature/Controllers/FernSettingsControllerTest.php,tests,yes
Modules/CaseManager/Tests/Feature/Controllers/TicketSidebarControllerTest.php,tests,yes
Modules/CaseManager/Tests/Feature/DiagnosticFlowIntegrationTest.php,tests,yes
Modules/CaseManager/Tests/Integration/Jobs/CheckCaseApiErrorJobTest.php,tests,yes
Modules/CaseManager/Tests/Integration/Jobs/CheckDiagnosticTimeoutJobTest.php,tests,yes
Modules/CaseManager/Tests/Integration/Jobs/ProcessCompletedDiagnosticsJobTest.php,tests,yes
Modules/CaseManager/Tests/Integration/Jobs/ProcessDiagnosticResultJobTest.php,tests,yes
Modules/CaseManager/Tests/Integration/Listeners/HandleConversationClosedTest.php,tests,yes
Modules/CaseManager/Tests/Integration/Listeners/HandleConversationCreatedTest.php,tests,yes
Modules/CaseManager/Tests/Integration/Listeners/HandleCustomerRepliedTest.php,tests,yes
Modules/CaseManager/Tests/Integration/Listeners/HandleFernConversationCreatedTest.php,tests,yes
Modules/CaseManager/Tests/Integration/Listeners/HandleSplitConfirmationTest.php,tests,yes
Modules/CaseManager/Tests/Integration/Models/CaseRecordHelpersTest.php,tests,yes
Modules/CaseManager/Tests/Integration/Models/CaseRecordTransitionTest.php,tests,yes
Modules/CaseManager/Tests/Integration/Models/DiagnosticTest.php,tests,yes
Modules/CaseManager/Tests/Integration/Models/FernCaseRecordTest.php,tests,yes
Modules/CaseManager/Tests/Integration/Models/PromptLogQuickWinTest.php,tests,yes
Modules/CaseManager/Tests/Integration/Services/AudienceTargetingServiceTest.php,tests,yes
Modules/CaseManager/Tests/Integration/Services/AutomatonUserServiceTest.php,tests,yes
Modules/CaseManager/Tests/Integration/Services/CaseManagerAiServiceTest.php,tests,yes
Modules/CaseManager/Tests/Integration/Services/DecisionEngineProcessTest.php,tests,yes
Modules/CaseManager/Tests/Integration/Services/FernBudgetServiceTest.php,tests,yes
Modules/CaseManager/Tests/Integration/Services/GeminiClientTest.php,tests,yes
Modules/CaseManager/Tests/Integration/Services/KnowledgeEngineTest.php,tests,yes
Modules/CaseManager/Tests/Integration/Services/RmmBridgeServiceTest.php,tests,yes
Modules/CaseManager/Tests/Integration/Traits/AiPipelineFailureHandlerTest.php,tests,yes
Modules/CaseManager/Tests/Pest.php,tests,yes
Modules/CaseManager/Tests/Unit/DataTransferObjects/AssetContextTest.php,tests,yes
Modules/CaseManager/Tests/Unit/DataTransferObjects/DecisionContextTest.php,tests,yes
Modules/CaseManager/Tests/Unit/DataTransferObjects/GeminiResultTest.php,tests,yes
Modules/CaseManager/Tests/Unit/DataTransferObjects/GenerateOptionsTest.php,tests,yes
Modules/CaseManager/Tests/Unit/DataTransferObjects/IssueContextTest.php,tests,yes
Modules/CaseManager/Tests/Unit/DataTransferObjects/StrategyResultTest.php,tests,yes
Modules/CaseManager/Tests/Unit/Services/AudienceTargetingPolicyTest.php,tests,yes
Modules/CaseManager/Tests/Unit/Services/DecisionEngineResolveStrategyTest.php,tests,yes
Modules/CaseManager/Tests/Unit/Services/FernBudgetServicePolicyTest.php,tests,yes
Modules/CaseManager/Tests/Unit/Services/HistoryServiceRecurrenceTest.php,tests,yes
Modules/CaseManager/Tests/Unit/Strategies/ImmediateRemediationStrategyTest.php,tests,yes
Modules/CaseManager/Tests/Unit/Strategies/ProposeTicketSplitStrategyTest.php,tests,yes
Modules/CaseManager/Tests/Unit/Strategies/ProvideKbArticleStrategyTest.php,tests,yes
Modules/CaseManager/Tests/Unit/Strategies/ReopenAndLinkStrategyTest.php,tests,yes
Modules/CaseManager/Tests/Unit/Strategies/RouteToTechnicianStrategyTest.php,tests,yes
Modules/CaseManager/Tests/Unit/Strategies/TriageAndClarifyStrategyTest.php,tests,yes
Modules/CaseManager/Traits/AiPipelineFailureHandler.php,module,yes
Modules/ClientPortal/Database/Migrations/2026_01_02_000000_create_client_portal_tables.php,module,yes
Modules/ClientPortal/Database/Seeders/ClientPortalDatabaseSeeder.php,module,yes
Modules/ClientPortal/Database/Seeders/KnowledgeBaseSeeder.php,module,yes
Modules/ClientPortal/Events/ApprovalApproved.php,module,yes
Modules/ClientPortal/Events/ApprovalRejected.php,module,yes
Modules/ClientPortal/Events/InvoiceUpdated.php,module,yes
Modules/ClientPortal/Events/PortalNotification.php,module,yes
Modules/ClientPortal/Http/Controllers/ApprovalController.php,module,yes
Modules/ClientPortal/Http/Controllers/Auth/ClientAuthController.php,module,yes
Modules/ClientPortal/Http/Controllers/BillingController.php,module,yes
Modules/ClientPortal/Http/Controllers/ClientPaymentController.php,module,yes
Modules/ClientPortal/Http/Controllers/InvoiceController.php,module,yes
Modules/ClientPortal/Http/Controllers/PortalController.php,module,yes
Modules/ClientPortal/Http/Controllers/SupportController.php,module,yes
Modules/ClientPortal/Http/Controllers/UserProvisioningController.php,module,yes
Modules/ClientPortal/Http/Middleware/AuthenticateClient.php,module,yes
Modules/ClientPortal/Http/Middleware/EnsureClientIsActive.php,module,yes
Modules/ClientPortal/Listeners/CreateApprovalRequestForQuote.php,module,yes
Modules/ClientPortal/Models/ApprovalRequest.php,module,yes
Modules/ClientPortal/Notifications/ClientResetPasswordNotification.php,module,yes
Modules/ClientPortal/Providers/ClientPortalServiceProvider.php,module,yes
Modules/ClientPortal/Services/PortalTabRegistry.php,module,yes
Modules/ClientPortal/Tests/Feature/ClientAuthenticationPestTest.php,tests,yes
Modules/ClientPortal/Tests/Pest.php,tests,yes
Modules/ClientPortal/Tests/Unit/PortalTabRegistryPestTest.php,tests,yes
Modules/ClientPortal/config/clientportal.php,module,yes
Modules/ClientPortal/config/knowledgebase_features.php,module,yes
Modules/ClientPortal/routes/web.php,module,yes
Modules/ContractManager/Config/config.php,module,yes
Modules/ContractManager/Config/knowledgebase_features.php,module,yes
Modules/ContractManager/Console/ProcessExpirationsCommand.php,module,yes
Modules/ContractManager/Console/ProcessQuoteExpirationsCommand.php,module,yes
Modules/ContractManager/DataTransferObjects/BillingTemplateDueData.php,module,yes
Modules/ContractManager/Database/Factories/BillingTemplateFactory.php,module,yes
Modules/ContractManager/Database/Migrations/2026_01_01_300000_create_contract_manager_tables.php,module,yes
Modules/ContractManager/Database/Seeders/ContractManagerDatabaseSeeder.php,module,yes
Modules/ContractManager/Database/Seeders/KnowledgeBaseSeeder.php,module,yes
Modules/ContractManager/Events/BillingTemplateDue.php,module,yes
Modules/ContractManager/Events/ContractActivated.php,module,yes
Modules/ContractManager/Events/ContractExpiring.php,module,yes
Modules/ContractManager/Events/ContractRevised.php,module,yes
Modules/ContractManager/Events/ContractTerminated.php,module,yes
Modules/ContractManager/Events/MilestoneReadyForBilling.php,module,yes
Modules/ContractManager/Events/QuoteApproved.php,module,yes
Modules/ContractManager/Events/QuoteCreated.php,module,yes
Modules/ContractManager/Events/QuoteRevised.php,module,yes
Modules/ContractManager/Events/QuoteSentToClient.php,module,yes
Modules/ContractManager/Http/Controllers/Api/BillingTemplateApiController.php,module,yes
Modules/ContractManager/Http/Controllers/Api/ClientContractApiController.php,module,yes
Modules/ContractManager/Http/Controllers/Api/ContractApiController.php,module,yes
Modules/ContractManager/Http/Controllers/Api/QuoteApiController.php,module,yes
Modules/ContractManager/Http/Controllers/BillingTemplateController.php,module,yes
Modules/ContractManager/Http/Controllers/ContractController.php,module,yes
Modules/ContractManager/Http/Controllers/MilestoneController.php,module,yes
Modules/ContractManager/Http/Controllers/QuoteController.php,module,yes
Modules/ContractManager/Listeners/AdjustBillingOnSoftwareCountChange.php,module,yes
Modules/ContractManager/Listeners/CreateContractFromApprovedQuote.php,module,yes
Modules/ContractManager/Listeners/LogContractActivity.php,module,yes
Modules/ContractManager/Listeners/LogQuoteActivity.php,module,yes
Modules/ContractManager/Listeners/NotifyClientOfQuote.php,module,yes
Modules/ContractManager/Listeners/PauseBillingTemplatesOnClientArchive.php,module,yes
Modules/ContractManager/Listeners/RecalculateProrationOnContractChange.php,module,yes
Modules/ContractManager/Listeners/ScheduleRenewalReminders.php,module,yes
Modules/ContractManager/Listeners/TransferOwnershipOnPayment.php,module,yes
Modules/ContractManager/Listeners/UpdateEntitlementSnapshots.php,module,yes
Modules/ContractManager/Listeners/UpdateQuoteOnApproval.php,module,yes
Modules/ContractManager/Listeners/UpdateQuoteOnRejection.php,module,yes
Modules/ContractManager/Models/BillingTemplate.php,module,yes
Modules/ContractManager/Models/BillingTemplateLineItem.php,module,yes
Modules/ContractManager/Models/Contract.php,module,yes
Modules/ContractManager/Models/ContractSchedule.php,module,yes
Modules/ContractManager/Models/Milestone.php,module,yes
Modules/ContractManager/Models/Quote.php,module,yes
Modules/ContractManager/Models/QuoteLineItem.php,module,yes
Modules/ContractManager/Models/QuoteRevision.php,module,yes
Modules/ContractManager/Notifications/ContractExpiringNotification.php,module,yes
Modules/ContractManager/Notifications/QuoteSentNotification.php,module,yes
Modules/ContractManager/Policies/ContractPolicy.php,module,yes
Modules/ContractManager/Providers/ContractManagerServiceProvider.php,module,yes
Modules/ContractManager/Providers/EventServiceProvider.php,module,yes
Modules/ContractManager/Providers/RouteServiceProvider.php,module,yes
Modules/ContractManager/Routes/api.php,module,yes
Modules/ContractManager/Routes/web.php,module,yes
Modules/ContractManager/Services/BillingTemplateService.php,module,yes
Modules/ContractManager/Services/ContractService.php,module,yes
Modules/ContractManager/Services/QuoteService.php,module,yes
Modules/ContractManager/Tests/Feature/Admin/BillingAdminPestTest.php,tests,yes
Modules/ContractManager/Tests/Feature/Admin/ClientAdminPestTest.php,tests,yes
Modules/ContractManager/Tests/Feature/Billing/AssetBillingPestTest.php,tests,yes
Modules/ContractManager/Tests/Feature/Billing/ContractBillingPestTest.php,tests,yes
Modules/ContractManager/Tests/Feature/Billing/ServiceBillingPestTest.php,tests,yes
Modules/ContractManager/Tests/Feature/BillingTemplateInvoicePestTest.php,tests,yes
Modules/ContractManager/Tests/Feature/BillingTemplateLogicPestTest.php,tests,yes
Modules/ContractManager/Tests/Feature/ContractAuthorizationPestTest.php,tests,yes
Modules/ContractManager/Tests/Feature/ContractManagerViewsTest.php,tests,yes
Modules/ContractManager/Tests/Feature/CreditWorkflowPestTest.php,tests,yes
Modules/ContractManager/Tests/Feature/RentToOwnOwnershipTransferTest.php,tests,yes
Modules/ContractManager/Tests/Feature/RentToOwnSafetyTest.php,tests,yes
Modules/ContractManager/Tests/Integration/BillableAmountPropertyPestTest.php,tests,yes
Modules/ContractManager/Tests/Integration/ContractFinancialInvariantsTest.php,tests,yes
Modules/ContractManager/Tests/Integration/OwnershipTransferContractTest.php,tests,yes
Modules/ContractManager/Tests/Integration/ProrationContractRevisionTest.php,tests,yes
Modules/ContractManager/Tests/Integration/QuoteServicePestTest.php,tests,yes
Modules/ContractManager/Tests/Integration/RentToOwnEdgeGuardsTest.php,tests,yes
Modules/ContractManager/Tests/Pest.php,tests,yes
Modules/ContractManager/Tests/Unit/QuoteServiceMathPestTest.php,tests,yes
Modules/ContractManager/Tests/Unit/RentToOwnInvariantsPestTest.php,tests,yes
Modules/ContractManager/Widgets/ContractsWidget.php,module,yes
Modules/ContractManager/Widgets/QuotesWidget.php,module,yes
Modules/Crm/Actions/CreateCustomerAction.php,module,yes
Modules/Crm/Config/config.php,module,yes
Modules/Crm/Config/knowledgebase_features.php,module,yes
Modules/Crm/DataTransferObjects/ClientCreatedData.php,module,yes
Modules/Crm/DataTransferObjects/ClientStatusChangedData.php,module,yes
Modules/Crm/DataTransferObjects/ClientUpdatedData.php,module,yes
Modules/Crm/DataTransferObjects/ContactCreatedData.php,module,yes
Modules/Crm/DataTransferObjects/StoreClientData.php,module,yes
Modules/Crm/DataTransferObjects/TicketLifecycleEventData.php,module,yes
Modules/Crm/Database/Factories/BillingTemplateFactory.php,module,yes
Modules/Crm/Database/Factories/ClientFactory.php,module,yes
Modules/Crm/Database/Factories/ClientUserFactory.php,module,yes
Modules/Crm/Database/Factories/CompanyFactory.php,module,yes
Modules/Crm/Database/Factories/ContactFactory.php,module,yes
Modules/Crm/Database/Migrations/2026_01_01_100000_create_crm_tables.php,module,yes
Modules/Crm/Database/Seeders/CrmDatabaseSeeder.php,module,yes
Modules/Crm/Database/Seeders/KnowledgeBaseSeeder.php,module,yes
Modules/Crm/Entities/CustomerCustomerField.php,module,yes
Modules/Crm/Entities/CustomerField.php,module,yes
Modules/Crm/Events/ClientArchived.php,module,yes
Modules/Crm/Events/ClientCreated.php,module,yes
Modules/Crm/Events/ClientStatusChanged.php,module,yes
Modules/Crm/Events/ClientUpdated.php,module,yes
Modules/Crm/Events/ContactCreated.php,module,yes
Modules/Crm/Events/ConversationLinkedToClient.php,module,yes
Modules/Crm/Events/ServiceMetricsCalculated.php,module,yes
Modules/Crm/Events/TicketLifecycleEventRecorded.php,module,yes
Modules/Crm/Events/UserStatusChanged.php,module,yes
Modules/Crm/Http/Controllers/ClientController.php,module,yes
Modules/Crm/Http/Controllers/ContactController.php,module,yes
Modules/Crm/Http/Controllers/CrmController.php,module,yes
Modules/Crm/Http/Controllers/CustomFieldController.php,module,yes
Modules/Crm/Http/Controllers/StagingController.php,module,yes
Modules/Crm/Http/Requests/StoreClientRequest.php,module,yes
Modules/Crm/Http/Requests/StoreCustomerRequest.php,module,yes
Modules/Crm/Http/routes.php,module,yes
Modules/Crm/Jobs/CalculateClientServiceMetricsJob.php,module,yes
Modules/Crm/Listeners/Action1UserDiscoveredListener.php,module,yes
Modules/Crm/Listeners/ConversationEventListener.php,module,yes
Modules/Crm/Listeners/GoogleUserSyncedListener.php,module,yes
Modules/Crm/Listeners/UpdateUserEntitlementCounterListener.php,module,yes
Modules/Crm/Models/BillingTemplate.php,module,yes
Modules/Crm/Models/Client.php,module,yes
Modules/Crm/Models/ClientConversation.php,module,yes
Modules/Crm/Models/ClientServiceMetric.php,module,yes
Modules/Crm/Models/ClientUser.php,module,yes
Modules/Crm/Models/Company.php,module,yes
Modules/Crm/Models/CompanyDomain.php,module,yes
Modules/Crm/Models/Contact.php,module,yes
Modules/Crm/Models/ContactPermission.php,module,yes
Modules/Crm/Models/CrmStagingRecord.php,module,yes
Modules/Crm/Models/CustomField.php,module,yes
Modules/Crm/Models/FieldDefinition.php,module,yes
Modules/Crm/Models/TicketLifecycleEvent.php,module,yes
Modules/Crm/Policies/ClientPolicy.php,module,yes
Modules/Crm/Providers/CrmServiceProvider.php,module,yes
Modules/Crm/Services/ClientService.php,module,yes
Modules/Crm/Services/ClientTicketService.php,module,yes
Modules/Crm/Services/CrmTabRegistry.php,module,yes
Modules/Crm/Services/CrmUserEntitlementCountProvider.php,module,yes
Modules/Crm/Services/TicketLifecycleService.php,module,yes
Modules/Crm/Services/UserIdentityConflictResolver.php,module,yes
Modules/Crm/Tests/Feature/CrmViewsTest.php,tests,yes
Modules/Crm/Tests/Feature/GoogleUserSyncTest.php,tests,yes
Modules/Crm/Tests/Feature/Services/ClientServicePestTest.php,tests,yes
Modules/Crm/Tests/Feature/Services/UserIdentityConflictResolverPestTest.php,tests,yes
Modules/Crm/Tests/Integration/CrossModule/BasicCrmTest.php,tests,yes
Modules/Crm/Tests/Integration/DynamicRelationshipPestTest.php,tests,yes
Modules/Crm/Tests/Integration/Jobs/CalculateClientServiceMetricsJobPestTest.php,tests,yes
Modules/Crm/Tests/Integration/Listeners/ConversationEventListenerPestTest.php,tests,yes
Modules/Crm/Tests/Integration/Models/ClientModelPestTest.php,tests,yes
Modules/Crm/Tests/Integration/Models/ContactModelPestTest.php,tests,yes
Modules/Crm/Tests/Integration/Models/CustomFieldModelPestTest.php,tests,yes
Modules/Crm/Tests/Integration/Services/ClientTicketServicePestTest.php,tests,yes
Modules/Crm/Tests/Integration/Services/CrmEventDispatchPestTest.php,tests,yes
Modules/Crm/Tests/Integration/Services/TicketLifecycleServicePestTest.php,tests,yes
Modules/Crm/Tests/Integration/TicketTrackingIntegrationPestTest.php,tests,yes
Modules/Crm/Tests/Pest.php,tests,yes
Modules/Crm/Widgets/ClientContactsWidget.php,module,yes
Modules/Crm/start.php,module,yes
Modules/DeploymentManager/Config/config.php,module,yes
Modules/DeploymentManager/Database/Migrations/2026_01_02_300000_create_treescout_deployment_tables.php,module,yes
Modules/DeploymentManager/Http/Controllers/ActivationController.php,module,yes
Modules/DeploymentManager/Http/Controllers/Api/ActivationBrokerController.php,module,yes
Modules/DeploymentManager/Http/Controllers/DashboardController.php,module,yes
Modules/DeploymentManager/Http/Controllers/DeploymentController.php,module,yes
Modules/DeploymentManager/Http/Controllers/SettingsController.php,module,yes
Modules/DeploymentManager/Models/DeployedModule.php,module,yes
Modules/DeploymentManager/Models/DeploymentActivation.php,module,yes
Modules/DeploymentManager/Models/DeploymentRecord.php,module,yes
Modules/DeploymentManager/Providers/DeploymentManagerServiceProvider.php,module,yes
Modules/DeploymentManager/Providers/EventServiceProvider.php,module,yes
Modules/DeploymentManager/Routes/api.php,module,yes
Modules/DeploymentManager/Routes/web.php,module,yes
Modules/DeploymentManager/Services/ActivationService.php,module,yes
Modules/DeploymentManager/Services/GitProviderService.php,module,yes
Modules/DeploymentManager/Tests/Feature/DeploymentManagerSmokeTest.php,tests,yes
Modules/DeploymentManager/Tests/Pest.php,tests,yes
Modules/DevFeedback/Database/Seeders/DevFeedbackDatabaseSeeder.php,module,yes
Modules/DevFeedback/Database/Seeders/KnowledgeBaseSeeder.php,module,yes
Modules/DevFeedback/Http/Controllers/DevFeedbackController.php,module,yes
Modules/DevFeedback/Http/Controllers/SettingsController.php,module,yes
Modules/DevFeedback/Mail/DevFeedbackSubmitted.php,module,yes
Modules/DevFeedback/Providers/DevFeedbackServiceProvider.php,module,yes
Modules/DevFeedback/Routes/web.php,module,yes
Modules/DevFeedback/Tests/Browser/DevFeedbackPestTest.php,tests,yes
Modules/DevFeedback/Tests/Pest.php,tests,yes
Modules/EmailMigration/Config/config.php,module,yes
Modules/EmailMigration/Console/ApproveVerificationCommand.php,module,yes
Modules/EmailMigration/Console/CheckDnsCommand.php,module,yes
Modules/EmailMigration/Console/CheckScheduledMigrationsCommand.php,module,yes
Modules/EmailMigration/Console/CleanMigrationSecretsCommand.php,module,yes
Modules/EmailMigration/Console/CleanupZombieContainers.php,module,yes
Modules/EmailMigration/Console/EmergencyStopCommand.php,module,yes
Modules/EmailMigration/Console/LabConnectivityTest.php,module,yes
Modules/EmailMigration/Console/LabResetCommand.php,module,yes
Modules/EmailMigration/Console/MigrationWatchtower.php,module,yes
Modules/EmailMigration/Console/PurgeProjectCredentialsCommand.php,module,yes
Modules/EmailMigration/Console/ResetLabCommand.php,module,yes
Modules/EmailMigration/Console/ResumeRateLimitedMigrationsCommand.php,module,yes
Modules/EmailMigration/Console/RunVerificationCommand.php,module,yes
Modules/EmailMigration/Console/VerificationReportCommand.php,module,yes
Modules/EmailMigration/DataTransferObjects/StoreMigrationProfileData.php,module,yes
Modules/EmailMigration/DataTransferObjects/StoreProjectMailboxData.php,module,yes
Modules/EmailMigration/DataTransferObjects/UpdateMigrationProfileData.php,module,yes
Modules/EmailMigration/Database/Factories/MigrationMailboxFactory.php,module,yes
Modules/EmailMigration/Database/Factories/MigrationMappingFactory.php,module,yes
Modules/EmailMigration/Database/Factories/MigrationProjectFactory.php,module,yes
Modules/EmailMigration/Database/Migrations/2026_01_02_100000_create_email_migration_tables.php,module,yes
Modules/EmailMigration/Database/Seeders/EmailMigrationDatabaseSeeder.php,module,yes
Modules/EmailMigration/Database/Seeders/KnowledgeBaseSeeder.php,module,yes
Modules/EmailMigration/Events/DiscoveryCompleted.php,module,yes
Modules/EmailMigration/Events/MailboxCompleted.php,module,yes
Modules/EmailMigration/Events/MigrationDailySummaryReady.php,module,yes
Modules/EmailMigration/Events/MigrationErrorThresholdReached.php,module,yes
Modules/EmailMigration/Events/MigrationLogCreated.php,module,yes
Modules/EmailMigration/Events/MigrationMilestoneReached.php,module,yes
Modules/EmailMigration/Events/MigrationProgressUpdated.php,module,yes
Modules/EmailMigration/Events/ProjectStatsUpdated.php,module,yes
Modules/EmailMigration/Events/RateLimitDetected.php,module,yes
Modules/EmailMigration/Exceptions/RateLimitException.php,module,yes
Modules/EmailMigration/Http/Controllers/DiscoveryController.php,module,yes
Modules/EmailMigration/Http/Controllers/EmailMigrationController.php,module,yes
Modules/EmailMigration/Http/Controllers/LabController.php,module,yes
Modules/EmailMigration/Http/Controllers/MappingController.php,module,yes
Modules/EmailMigration/Http/Controllers/MigrationDashboardController.php,module,yes
Modules/EmailMigration/Http/Controllers/PublicStatusController.php,module,yes
Modules/EmailMigration/Http/Controllers/ScheduleController.php,module,yes
Modules/EmailMigration/Http/Controllers/SettingsController.php,module,yes
Modules/EmailMigration/Http/Requests/StoreMigrationProfileRequest.php,module,yes
Modules/EmailMigration/Http/Requests/StoreProjectMailboxRequest.php,module,yes
Modules/EmailMigration/Http/Requests/UpdateMigrationProfileRequest.php,module,yes
Modules/EmailMigration/Jobs/CancelMigrationJob.php,module,yes
Modules/EmailMigration/Jobs/CheckDnsPropagation.php,module,yes
Modules/EmailMigration/Jobs/CheckSourceCapacityJob.php,module,yes
Modules/EmailMigration/Jobs/DiscoverSourceServerJob.php,module,yes
Modules/EmailMigration/Jobs/FetchSourceFoldersJob.php,module,yes
Modules/EmailMigration/Jobs/MigrateFolderJob.php,module,yes
Modules/EmailMigration/Jobs/MigrateMailboxJob.php,module,yes
Modules/EmailMigration/Jobs/RunHealthCheckJob.php,module,yes
Modules/EmailMigration/Jobs/RunMigrationJob.php,module,yes
Modules/EmailMigration/Jobs/RunPreflightCheckJob.php,module,yes
Modules/EmailMigration/Jobs/ScanUnsupportedObjectsJob.php,module,yes
Modules/EmailMigration/Jobs/StartLabJob.php,module,yes
Modules/EmailMigration/Jobs/TestBatchCredentialsJob.php,module,yes
Modules/EmailMigration/Jobs/VerifyMigrationJob.php,module,yes
Modules/EmailMigration/Listeners/SendMigrationAlerts.php,module,yes
Modules/EmailMigration/Mail/MigrationAlert.php,module,yes
Modules/EmailMigration/Models/MigrationBatch.php,module,yes
Modules/EmailMigration/Models/MigrationCheckpoint.php,module,yes
Modules/EmailMigration/Models/MigrationJobLog.php,module,yes
Modules/EmailMigration/Models/MigrationLog.php,module,yes
Modules/EmailMigration/Models/MigrationMailbox.php,module,yes
Modules/EmailMigration/Models/MigrationMapping.php,module,yes
Modules/EmailMigration/Models/MigrationMessage.php,module,yes
Modules/EmailMigration/Models/MigrationProfile.php,module,yes
Modules/EmailMigration/Models/MigrationProject.php,module,yes
Modules/EmailMigration/Models/MigrationSubscription.php,module,yes
Modules/EmailMigration/Models/MigrationWebsocketEvent.php,module,yes
Modules/EmailMigration/Policies/MigrationProjectPolicy.php,module,yes
Modules/EmailMigration/Providers/EmailMigrationServiceProvider.php,module,yes
Modules/EmailMigration/Providers/EventServiceProvider.php,module,yes
Modules/EmailMigration/Routes/web.php,module,yes
Modules/EmailMigration/Services/ConnectivityAuditor.php,module,yes
Modules/EmailMigration/Services/GoogleMigrationService.php,module,yes
Modules/EmailMigration/Services/ImapDiscoveryService.php,module,yes
Modules/EmailMigration/Services/ImapErrorParser.php,module,yes
Modules/EmailMigration/Services/LabHealthService.php,module,yes
Modules/EmailMigration/Services/LabManager.php,module,yes
Modules/EmailMigration/Services/LabValidator.php,module,yes
Modules/EmailMigration/Services/MappingCsvService.php,module,yes
Modules/EmailMigration/Services/MigrationTicketService.php,module,yes
Modules/EmailMigration/Services/ProviderProfileFactory.php,module,yes
Modules/EmailMigration/Services/TestConnectionService.php,module,yes
Modules/EmailMigration/Tests/Feature/CredentialPropagationPestTest.php,tests,yes
Modules/EmailMigration/Tests/Feature/FlightDeckStressPestTest.php,tests,yes
Modules/EmailMigration/Tests/Feature/LabMigrationPestTest.php,tests,yes
Modules/EmailMigration/Tests/Feature/LabPestTest.php,tests,yes
Modules/EmailMigration/Tests/Integration/MigrateMailboxJobPestTest.php,tests,yes
Modules/EmailMigration/Tests/Pest.php,tests,yes
Modules/EmailMigration/Tests/Unit/RunMigrationDispatchPestTest.php,tests,yes
Modules/EmailMigration/Tests/chaos_test.php,tests,yes
Modules/EmailMigration/Tests/lab_runner.php,tests,yes
Modules/GoogleAdmin/Actions/DeprovisionGoogleUser.php,module,yes
Modules/GoogleAdmin/Actions/ProvisionGoogleUser.php,module,yes
Modules/GoogleAdmin/Config/google.php,module,yes
Modules/GoogleAdmin/Config/knowledgebase_features.php,module,yes
Modules/GoogleAdmin/DataTransferObjects/GoogleLicenseDiscoveredData.php,module,yes
Modules/GoogleAdmin/Database/Migrations/2026_01_01_900000_create_google_admin_tables.php,module,yes
Modules/GoogleAdmin/Database/Seeders/GoogleAdminDatabaseSeeder.php,module,yes
Modules/GoogleAdmin/Database/Seeders/KnowledgeBaseSeeder.php,module,yes
Modules/GoogleAdmin/Events/ChromeDeviceChanged.php,module,yes
Modules/GoogleAdmin/Events/GoogleChromebookDiscovered.php,module,yes
Modules/GoogleAdmin/Events/GoogleGroupChanged.php,module,yes
Modules/GoogleAdmin/Events/GoogleGroupDeleted.php,module,yes
Modules/GoogleAdmin/Events/GoogleLicenseDiscovered.php,module,yes
Modules/GoogleAdmin/Events/GoogleOrgUnitChanged.php,module,yes
Modules/GoogleAdmin/Events/GoogleSyncFailed.php,module,yes
Modules/GoogleAdmin/Events/GoogleUserChanged.php,module,yes
Modules/GoogleAdmin/Events/GoogleUserDeleted.php,module,yes
Modules/GoogleAdmin/Events/GoogleUserSynced.php,module,yes
Modules/GoogleAdmin/Http/Controllers/AuditController.php,module,yes
Modules/GoogleAdmin/Http/Controllers/GoogleConfigController.php,module,yes
Modules/GoogleAdmin/Http/Controllers/GoogleDirectoryWebhookController.php,module,yes
Modules/GoogleAdmin/Http/Controllers/GoogleWebhookController.php,module,yes
Modules/GoogleAdmin/Jobs/SyncGoogleChromebooksJob.php,module,yes
Modules/GoogleAdmin/Jobs/SyncGoogleUsersJob.php,module,yes
Modules/GoogleAdmin/Models/GoogleConfig.php,module,yes
Modules/GoogleAdmin/Providers/GoogleAdminServiceProvider.php,module,yes
Modules/GoogleAdmin/Routes/api.php,module,yes
Modules/GoogleAdmin/Routes/web.php,module,yes
Modules/GoogleAdmin/Services/GoogleUserProvider.php,module,yes
Modules/GoogleAdmin/Services/GoogleWorkspaceService.php,module,yes
Modules/GoogleAdmin/Tests/Feature/GoogleWebhookControllerPestTest.php,tests,yes
Modules/GoogleAdmin/Tests/Feature/SyncGoogleChromebooksJobPestTest.php,tests,yes
Modules/GoogleAdmin/Tests/Feature/SyncGoogleUsersJobPestTest.php,tests,yes
Modules/GoogleAdmin/Tests/Feature/UserProvisioningActionPestTest.php,tests,yes
Modules/GoogleAdmin/Tests/Helpers/MockEventHelper.php,tests,yes
Modules/GoogleAdmin/Tests/Pest.php,tests,yes
Modules/GoogleAdmin/Tests/Unit/GoogleWebhookControllerPestTest.php,tests,yes
Modules/GoogleAdmin/Tests/Unit/GoogleWorkspaceServicePestTest.php,tests,yes
Modules/KnowledgeBase/Notifications/StaleArticlesNotification.php,module,yes
Modules/KnowledgeBase/Tests/Feature/GuidedTourTest.php,tests,yes
Modules/KnowledgeBase/Tests/Feature/KnowledgeBaseAccessTest.php,tests,yes
Modules/KnowledgeBase/Tests/Feature/KnowledgeBaseManagementTest.php,tests,yes
Modules/KnowledgeBase/Tests/Feature/SmartForkTest.php,tests,yes
Modules/KnowledgeBase/Tests/Feature/TourAnalyticsTest.php,tests,yes
Modules/KnowledgeBase/Tests/Feature/TourCheckpointTest.php,tests,yes
Modules/KnowledgeBase/Tests/Feature/TourTranslationTest.php,tests,yes
Modules/KnowledgeBase/Tests/Unit/ArticleModelTest.php,tests,yes
Modules/KnowledgeBase/app/Console/Commands/PurgeTourAnalytics.php,module,yes
Modules/KnowledgeBase/app/Http/Controllers/ArticleController.php,module,yes
Modules/KnowledgeBase/app/Http/Controllers/ArticleForkController.php,module,yes
Modules/KnowledgeBase/app/Http/Controllers/ArticleSearchController.php,module,yes
Modules/KnowledgeBase/app/Http/Controllers/KnowledgeBaseController.php,module,yes
Modules/KnowledgeBase/app/Http/Controllers/TourController.php,module,yes
Modules/KnowledgeBase/app/Jobs/CheckArticleFreshness.php,module,yes
Modules/KnowledgeBase/app/Jobs/CheckArticleFreshnessJob.php,module,yes
Modules/KnowledgeBase/app/Jobs/FlagChildArticlesForReviewJob.php,module,yes
Modules/KnowledgeBase/app/Models/Article.php,module,yes
Modules/KnowledgeBase/app/Models/Category.php,module,yes
Modules/KnowledgeBase/app/Models/TourAnalytics.php,module,yes
Modules/KnowledgeBase/app/Models/UserTourProgress.php,module,yes
Modules/KnowledgeBase/app/Observers/ArticleObserver.php,module,yes
Modules/KnowledgeBase/app/Policies/ArticlePolicy.php,module,yes
Modules/KnowledgeBase/app/Providers/EventServiceProvider.php,module,yes
Modules/KnowledgeBase/app/Providers/KnowledgeBaseServiceProvider.php,module,yes
Modules/KnowledgeBase/app/Providers/RouteServiceProvider.php,module,yes
Modules/KnowledgeBase/app/Repositories/ArticleRepository.php,module,yes
Modules/KnowledgeBase/app/Services/ArticleService.php,module,yes
Modules/KnowledgeBase/app/Services/DemoAccountService.php,module,yes
Modules/KnowledgeBase/app/Traits/SeedsKnowledgeBase.php,module,yes
Modules/KnowledgeBase/config/config.php,module,yes
Modules/KnowledgeBase/config/features.php,module,yes
Modules/KnowledgeBase/config/tours.php,module,yes
Modules/KnowledgeBase/database/factories/ArticleFactory.php,module,yes
Modules/KnowledgeBase/database/factories/CategoryFactory.php,module,yes
Modules/KnowledgeBase/database/factories/TourAnalyticsFactory.php,module,yes
Modules/KnowledgeBase/database/factories/UserTourProgressFactory.php,module,yes
Modules/KnowledgeBase/database/migrations/2026_02_06_192735_create_knowledgebase_tables.php,module,yes
Modules/KnowledgeBase/database/migrations/2026_02_09_015308_add_visibility_rules_to_kb_articles_table.php,module,yes
Modules/KnowledgeBase/database/migrations/2026_02_14_000001_create_user_tour_progress_table.php,module,yes
Modules/KnowledgeBase/database/migrations/2026_02_14_000002_create_tour_analytics_table.php,module,yes
Modules/KnowledgeBase/database/seeders/KnowledgeBaseDatabaseSeeder.php,module,yes
Modules/KnowledgeBase/database/seeders/TourExampleDataSeeder.php,module,yes
Modules/KnowledgeBase/lang/en/tours.php,module,yes
Modules/KnowledgeBase/routes/api.php,module,yes
Modules/KnowledgeBase/routes/web.php,module,yes
Modules/PIB/Console/Commands/MarkInvoicesOverdueCommand.php,module,yes
Modules/PIB/Console/GenerateInvoicesCommand.php,module,yes
Modules/PIB/DataTransferObjects/ResolveReconciliationData.php,module,yes
Modules/PIB/DataTransferObjects/TriggerReconciliationData.php,module,yes
Modules/PIB/Database/Factories/EntitlementAddonFactory.php,module,yes
Modules/PIB/Database/Factories/EntitlementFactory.php,module,yes
Modules/PIB/Database/Factories/InvoiceFactory.php,module,yes
Modules/PIB/Database/Factories/ProductFactory.php,module,yes
Modules/PIB/Database/Migrations/2026_01_01_400000_create_pib_tables.php,module,yes
Modules/PIB/Database/Seeders/KnowledgeBaseSeeder.php,module,yes
Modules/PIB/Database/Seeders/PIBDatabaseSeeder.php,module,yes
Modules/PIB/Events/AdHocBucketExceeded.php,module,yes
Modules/PIB/Events/InvoiceGenerated.php,module,yes
Modules/PIB/Events/InvoicePaid.php,module,yes
Modules/PIB/Events/InvoicePublished.php,module,yes
Modules/PIB/Events/InvoiceUnusual.php,module,yes
Modules/PIB/Events/RentToOwnGoalReached.php,module,yes
Modules/PIB/Events/TimeEntryCreated.php,module,yes
Modules/PIB/Events/TimeEntryDeleted.php,module,yes
Modules/PIB/Events/TimeEntryUpdated.php,module,yes
Modules/PIB/Http/Controllers/BillingAdjustmentController.php,module,yes
Modules/PIB/Http/Controllers/BillingController.php,module,yes
Modules/PIB/Http/Controllers/BillingPreviewController.php,module,yes
Modules/PIB/Http/Controllers/BillingTemplateController.php,module,yes
Modules/PIB/Http/Controllers/ClientEntitlementController.php,module,yes
Modules/PIB/Http/Controllers/CreditLedgerController.php,module,yes
Modules/PIB/Http/Controllers/InvoiceController.php,module,yes
Modules/PIB/Http/Controllers/PaymentController.php,module,yes
Modules/PIB/Http/Controllers/PortalInvoiceController.php,module,yes
Modules/PIB/Http/Controllers/ProductController.php,module,yes
Modules/PIB/Http/Controllers/ReconciliationController.php,module,yes
Modules/PIB/Http/Controllers/ServiceUsageController.php,module,yes
Modules/PIB/Http/Requests/ResolveReconciliationRequest.php,module,yes
Modules/PIB/Http/Requests/TriggerReconciliationRequest.php,module,yes
Modules/PIB/Jobs/GenerateInvoiceJob.php,module,yes
Modules/PIB/Jobs/GenerateRecurringInvoicesJob.php,module,yes
Modules/PIB/Jobs/MonthEndTimeAggregationJob.php,module,yes
Modules/PIB/Listeners/AdjustBillingOnSoftwareCountChange.php,module,yes
Modules/PIB/Listeners/BillingTemplateDueListener.php,module,yes
Modules/PIB/Listeners/ConversationLinkedToClientListener.php,module,yes
Modules/PIB/Listeners/GenerateFirstInvoice.php,module,yes
Modules/PIB/Listeners/InvalidateBillingCache.php,module,yes
Modules/PIB/Listeners/MilestoneInvoiceListener.php,module,yes
Modules/PIB/Listeners/PaymentDisputedListener.php,module,yes
Modules/PIB/Listeners/RecalculateProrationOnContractChange.php,module,yes
Modules/PIB/Listeners/UpdateEntitlementSnapshots.php,module,yes
Modules/PIB/Models/BillingAdjustment.php,module,yes
Modules/PIB/Models/ClientCredit.php,module,yes
Modules/PIB/Models/ConversationBillingMetadata.php,module,yes
Modules/PIB/Models/Entitlement.php,module,yes
Modules/PIB/Models/EntitlementAddon.php,module,yes
Modules/PIB/Models/Invoice.php,module,yes
Modules/PIB/Models/InvoiceLineItem.php,module,yes
Modules/PIB/Models/Product.php,module,yes
Modules/PIB/Models/ReconciliationDiscrepancy.php,module,yes
Modules/PIB/Models/ReconciliationRun.php,module,yes
Modules/PIB/Models/ServiceUsage.php,module,yes
Modules/PIB/Models/TimeEntry.php,module,yes
Modules/PIB/Observers/EntitlementAddonObserver.php,module,yes
Modules/PIB/Observers/EntitlementObserver.php,module,yes
Modules/PIB/Policies/InvoicePolicy.php,module,yes
Modules/PIB/Providers/PIBServiceProvider.php,module,yes
Modules/PIB/Resolvers/RentToOwnEntitlementResolver.php,module,yes
Modules/PIB/Resolvers/ServicePlanEntitlementResolver.php,module,yes
Modules/PIB/Routes/web.php,module,yes
Modules/PIB/Services/BillingAnalysisService.php,module,yes
Modules/PIB/Services/BillingService.php,module,yes
Modules/PIB/Services/ClientCreditService.php,module,yes
Modules/PIB/Services/EntitlementEngineService.php,module,yes
Modules/PIB/Services/EntitlementService.php,module,yes
Modules/PIB/Services/Examples/CreditBalanceReportService.php,module,yes
Modules/PIB/Services/InvoiceGenerator.php,module,yes
Modules/PIB/Services/ProrationService.php,module,yes
Modules/PIB/Services/TimeEntryService.php,module,yes
Modules/PIB/Tests/Feature/BillingPreviewTest.php,tests,yes
Modules/PIB/Tests/Feature/ConversationLinkedToClientListenerPestTest.php,tests,yes
Modules/PIB/Tests/Feature/DisputeInvoiceActionPestTest.php,tests,yes
Modules/PIB/Tests/Feature/EntitlementScaleTest.php,tests,yes
Modules/PIB/Tests/Feature/EntitlementServiceTest.php,tests,yes
Modules/PIB/Tests/Feature/EntitlementUiTest.php,tests,yes
Modules/PIB/Tests/Feature/EventListenersIntegrationTest.php,tests,yes
Modules/PIB/Tests/Feature/InvoiceAuthorizationPestTest.php,tests,yes
Modules/PIB/Tests/Feature/PibViewsTest.php,tests,yes
Modules/PIB/Tests/Feature/RecurringInvoicesJobEdgeCasesPestTest.php,tests,yes
Modules/PIB/Tests/Feature/RecurringInvoicesJobPestTest.php,tests,yes
Modules/PIB/Tests/Feature/RentToOwnResolversPestTest.php,tests,yes
Modules/PIB/Tests/Feature/ServicePlanResolversPestTest.php,tests,yes
Modules/PIB/Tests/Integration/BillingAnalysisServicePestTest.php,tests,yes
Modules/PIB/Tests/Integration/InvoiceGeneratorPestTest.php,tests,yes
Modules/PIB/Tests/Integration/Jobs/MonthEndTimeAggregationJobPestTest.php,tests,yes
Modules/PIB/Tests/Integration/Listeners/PaymentDisputedListenerPestTest.php,tests,yes
Modules/PIB/Tests/Integration/Services/ClientCreditServicePestTest.php,tests,yes
Modules/PIB/Tests/Integration/Services/TimeEntryServicePestTest.php,tests,yes
Modules/PIB/Tests/Pest.php,tests,yes
Modules/PIB/Tests/Unit/BillingAnalysisServiceMathPestTest.php,tests,yes
Modules/PIB/Tests/Unit/ClientCreditServicePestTest.php,tests,yes
Modules/PIB/Tests/Unit/ProrationServiceEdgeCasesPestTest.php,tests,yes
Modules/PIB/Tests/Unit/ProrationServicePropertyPestTest.php,tests,yes
Modules/PIB/Widgets/CreditLedgerWidget.php,module,yes
Modules/PIB/Widgets/InvoicesWidget.php,module,yes
Modules/PIB/config/knowledgebase_features.php,module,yes
Modules/Payment/Console/ProcessDueInvoicesCommand.php,module,yes
Modules/Payment/Contracts/PaymentGateway.php,module,yes
Modules/Payment/DataTransferObjects/PaymentDisputedData.php,module,yes
Modules/Payment/DataTransferObjects/PaymentFailedData.php,module,yes
Modules/Payment/DataTransferObjects/PaymentSucceededData.php,module,yes
Modules/Payment/Database/Factories/PaymentFactory.php,module,yes
Modules/Payment/Database/Factories/PaymentMethodFactory.php,module,yes
Modules/Payment/Database/Migrations/2026_01_01_500000_create_payment_tables.php,module,yes
Modules/Payment/Database/Seeders/KnowledgeBaseSeeder.php,module,yes
Modules/Payment/Database/Seeders/PaymentDatabaseSeeder.php,module,yes
Modules/Payment/Events/PaymentDisputed.php,module,yes
Modules/Payment/Events/PaymentFailed.php,module,yes
Modules/Payment/Events/PaymentSucceeded.php,module,yes
Modules/Payment/Exceptions/HelcimException.php,module,yes
Modules/Payment/Gateways/TestGateway.php,module,yes
Modules/Payment/Http/Controllers/AuditController.php,module,yes
Modules/Payment/Http/Controllers/HelcimWebhookController.php,module,yes
Modules/Payment/Jobs/ProcessDueInvoices.php,module,yes
Modules/Payment/Jobs/ProcessInvoicePayment.php,module,yes
Modules/Payment/Models/ClientCreditLedger.php,module,yes
Modules/Payment/Models/Payment.php,module,yes
Modules/Payment/Models/PaymentMethod.php,module,yes
Modules/Payment/Providers/PaymentServiceProvider.php,module,yes
Modules/Payment/Services/ClientCreditService.php,module,yes
Modules/Payment/Services/CreditManagementService.php,module,yes
Modules/Payment/Services/HelcimService.php,module,yes
Modules/Payment/Tests/Feature/CreditSystemPestTest.php,tests,yes
Modules/Payment/Tests/Feature/PaymentGatewayFailurePathsPestTest.php,tests,yes
Modules/Payment/Tests/Feature/PaymentProcessingPestTest.php,tests,yes
Modules/Payment/Tests/Feature/WebhookHandlingPestTest.php,tests,yes
Modules/Payment/Tests/Integration/CreditManagementServicePestTest.php,tests,yes
Modules/Payment/Tests/Integration/CreditServicePropertyPestTest.php,tests,yes
Modules/Payment/Tests/Integration/CrossModule/DataConsistencyTest.php,tests,yes
Modules/Payment/Tests/Integration/CrossModule/PaymentBillingIntegrationTest.php,tests,yes
Modules/Payment/Tests/Integration/HelcimServiceContractPestTest.php,tests,yes
Modules/Payment/Tests/Integration/PaymentModuleCorePestTest.php,tests,yes
Modules/Payment/Tests/Pest.php,tests,yes
Modules/Payment/Tests/Stubs/Invoice.php,tests,yes
Modules/Payment/Tests/Stubs/InvoiceFactory.php,tests,yes
Modules/Payment/Tests/Unit/PaymentDisputeGuardPestTest.php,tests,yes
Modules/Payment/Tests/Unit/PaymentDomainLogicPestTest.php,tests,yes
Modules/Payment/View/Components/PaymentHistory.php,module,yes
Modules/Payment/config/knowledgebase_features.php,module,yes
Modules/Payment/config/payment.php,module,yes
Modules/Payment/routes/api.php,module,yes
Modules/Payment/routes/web.php,module,yes
Modules/SoftwareSubscriptions/Config/config.php,module,yes
Modules/SoftwareSubscriptions/Config/knowledgebase_features.php,module,yes
Modules/SoftwareSubscriptions/Console/ReconcileSoftwareCountersCommand.php,module,yes
Modules/SoftwareSubscriptions/Contracts/AssetLookupProvider.php,module,yes
Modules/SoftwareSubscriptions/Contracts/AssignableEmailLookupProvider.php,module,yes
Modules/SoftwareSubscriptions/Contracts/ContactLookupProvider.php,module,yes
Modules/SoftwareSubscriptions/DataTransferObjects/AssetReferenceData.php,module,yes
Modules/SoftwareSubscriptions/DataTransferObjects/ContactReferenceData.php,module,yes
Modules/SoftwareSubscriptions/DataTransferObjects/SoftwareAssignmentAddedData.php,module,yes
Modules/SoftwareSubscriptions/DataTransferObjects/SoftwareAssignmentRevokedData.php,module,yes
Modules/SoftwareSubscriptions/DataTransferObjects/SoftwareCountChangedData.php,module,yes
Modules/SoftwareSubscriptions/DataTransferObjects/SoftwareDeploymentCompletedData.php,module,yes
Modules/SoftwareSubscriptions/DataTransferObjects/SoftwareDeploymentFailedData.php,module,yes
Modules/SoftwareSubscriptions/DataTransferObjects/SoftwareSubscriptionCreatedData.php,module,yes
Modules/SoftwareSubscriptions/Database/Factories/ClientSoftwareSubscriptionFactory.php,module,yes
Modules/SoftwareSubscriptions/Database/Factories/SoftwareAssignmentFactory.php,module,yes
Modules/SoftwareSubscriptions/Database/Factories/SoftwareDiscoveryFactory.php,module,yes
Modules/SoftwareSubscriptions/Database/Factories/SoftwareProductFactory.php,module,yes
Modules/SoftwareSubscriptions/Database/Migrations/2026_01_01_700000_create_software_subscriptions_tables.php,module,yes
Modules/SoftwareSubscriptions/Database/Seeders/KnowledgeBaseSeeder.php,module,yes
Modules/SoftwareSubscriptions/Database/Seeders/SoftwareSubscriptionsDatabaseSeeder.php,module,yes
Modules/SoftwareSubscriptions/Events/SoftwareAssignmentAdded.php,module,yes
Modules/SoftwareSubscriptions/Events/SoftwareAssignmentRevoked.php,module,yes
Modules/SoftwareSubscriptions/Events/SoftwareComplianceAlert.php,module,yes
Modules/SoftwareSubscriptions/Events/SoftwareCountChanged.php,module,yes
Modules/SoftwareSubscriptions/Events/SoftwareCountersReconciled.php,module,yes
Modules/SoftwareSubscriptions/Events/SoftwareDeploymentCompleted.php,module,yes
Modules/SoftwareSubscriptions/Events/SoftwareDeploymentFailed.php,module,yes
Modules/SoftwareSubscriptions/Events/SoftwareReconciled.php,module,yes
Modules/SoftwareSubscriptions/Events/SoftwareSubscriptionCreated.php,module,yes
Modules/SoftwareSubscriptions/Events/UnrecognizedSoftwareDetected.php,module,yes
Modules/SoftwareSubscriptions/Exceptions/LicenseLimitExceededException.php,module,yes
Modules/SoftwareSubscriptions/Http/Controllers/Admin/SoftwareProductController.php,module,yes
Modules/SoftwareSubscriptions/Http/Controllers/Admin/SoftwareSubscriptionsController.php,module,yes
Modules/SoftwareSubscriptions/Http/Controllers/Admin/VendorCostReportController.php,module,yes
Modules/SoftwareSubscriptions/Http/Controllers/Api/ClientSoftwareSubscriptionController.php,module,yes
Modules/SoftwareSubscriptions/Http/Controllers/Api/SoftwareAssignmentController.php,module,yes
Modules/SoftwareSubscriptions/Http/Controllers/Api/SoftwareProductController.php,module,yes
Modules/SoftwareSubscriptions/Listeners/AssetCreatedListener.php,module,yes
Modules/SoftwareSubscriptions/Listeners/AssetRetiredListener.php,module,yes
Modules/SoftwareSubscriptions/Listeners/ContactCreatedListener.php,module,yes
Modules/SoftwareSubscriptions/Listeners/ContactDeactivatedListener.php,module,yes
Modules/SoftwareSubscriptions/Listeners/CreateOffboardingTicketListener.php,module,yes
Modules/SoftwareSubscriptions/Listeners/ReconcileAction1SoftwareDiscovery.php,module,yes
Modules/SoftwareSubscriptions/Listeners/ReconcileGoogleLicenseDiscovery.php,module,yes
Modules/SoftwareSubscriptions/Models/ClientSoftwareSubscription.php,module,yes
Modules/SoftwareSubscriptions/Models/SoftwareAssignment.php,module,yes
Modules/SoftwareSubscriptions/Models/SoftwareDiscovery.php,module,yes
Modules/SoftwareSubscriptions/Models/SoftwareProduct.php,module,yes
Modules/SoftwareSubscriptions/Models/SoftwareSubscriptionSnapshot.php,module,yes
Modules/SoftwareSubscriptions/Providers/EventServiceProvider.php,module,yes
Modules/SoftwareSubscriptions/Providers/RouteServiceProvider.php,module,yes
Modules/SoftwareSubscriptions/Providers/SoftwareSubscriptionsServiceProvider.php,module,yes
Modules/SoftwareSubscriptions/Resolvers/SoftwareProductEntitlementResolver.php,module,yes
Modules/SoftwareSubscriptions/Routes/api.php,module,yes
Modules/SoftwareSubscriptions/Routes/web.php,module,yes
Modules/SoftwareSubscriptions/Services/AssetManagementAssetLookupProvider.php,module,yes
Modules/SoftwareSubscriptions/Services/CrmAssignableEmailLookupProvider.php,module,yes
Modules/SoftwareSubscriptions/Services/CrmContactLookupProvider.php,module,yes
Modules/SoftwareSubscriptions/Services/LicenseDeploymentService.php,module,yes
Modules/SoftwareSubscriptions/Services/SoftwareReconciliationService.php,module,yes
Modules/SoftwareSubscriptions/Services/SubscriptionCounterService.php,module,yes
Modules/SoftwareSubscriptions/Services/VendorReconciliationService.php,module,yes
Modules/SoftwareSubscriptions/Tests/Feature/ReconcileAction1SoftwareDiscoveryPestTest.php,tests,yes
Modules/SoftwareSubscriptions/Tests/Feature/ReconcileGoogleLicenseDiscoveryPestTest.php,tests,yes
Modules/SoftwareSubscriptions/Tests/Feature/SoftwareReconciliationServicePestTest.php,tests,yes
Modules/SoftwareSubscriptions/Tests/Feature/VendorCostReportPestTest.php,tests,yes
Modules/SoftwareSubscriptions/Tests/Integration/ClientSoftwareSubscriptionQueryPestTest.php,tests,yes
Modules/SoftwareSubscriptions/Tests/Integration/LicenseDeploymentServicePestTest.php,tests,yes
Modules/SoftwareSubscriptions/Tests/Integration/OffboardingTicketListenerPestTest.php,tests,yes
Modules/SoftwareSubscriptions/Tests/Integration/OffboardingTicketSystemPestTest.php,tests,yes
Modules/SoftwareSubscriptions/Tests/Integration/SoftwareDiscoveryPestTest.php,tests,yes
Modules/SoftwareSubscriptions/Tests/Integration/SoftwareDiscoveryReconciliationInvariantsTest.php,tests,yes
Modules/SoftwareSubscriptions/Tests/Integration/SoftwareProductCatalogPestTest.php,tests,yes
Modules/SoftwareSubscriptions/Tests/Integration/SubscriptionCounterServicePestTest.php,tests,yes
Modules/SoftwareSubscriptions/Tests/Integration/VendorCostReportPestTest.php,tests,yes
Modules/SoftwareSubscriptions/Tests/Integration/VendorReconciliationServicePestTest.php,tests,yes
Modules/SoftwareSubscriptions/Tests/Pest.php,tests,yes
Modules/SoftwareSubscriptions/Tests/Unit/ClientSoftwareSubscriptionPestTest.php,tests,yes
Modules/SoftwareSubscriptions/Tests/Unit/DiscoveryEventsPestTest.php,tests,yes
Modules/SoftwareSubscriptions/Tests/Unit/SoftwareDiscoveryFactoryStatePestTest.php,tests,yes
Modules/SoftwareSubscriptions/Tests/Unit/SoftwareProductPestTest.php,tests,yes
Modules/SoftwareSubscriptions/Widgets/ClientSubscriptionsWidget.php,module,yes
Modules/WidgetRegistry/Contracts/Widget.php,module,yes
Modules/WidgetRegistry/Providers/WidgetRegistryServiceProvider.php,module,yes
Modules/WidgetRegistry/Services/WidgetRegistryService.php,module,yes
Modules/WidgetRegistry/Tests/Browser/WidgetRegistryIntegrationPestTest.php,tests,yes
Modules/WidgetRegistry/Tests/Pest.php,tests,yes
app/Actions/BulkConversationsAction.php,app,yes
app/Actions/Conversations/ReplyToConversationAction.php,app,yes
app/Actions/Conversations/UpdateFollowUpDateAction.php,app,yes
app/Actions/CreateConversationAction.php,app,yes
app/Actions/DisputeInvoiceAction.php,app,yes
app/Actions/ForwardConversationAction.php,app,yes
app/Actions/MergeConversationsAction.php,app,yes
app/Actions/MergeCustomersAction.php,app,yes
app/Actions/ReplyToConversationAction.php,app,yes
app/Actions/SaveDraftAction.php,app,yes
app/Actions/UpdateCustomerAction.php,app,yes
app/Console/Commands/AfterAppUpdate.php,app,yes
app/Console/Commands/AnalyzeTests.php,app,yes
app/Console/Commands/CheckRequirements.php,app,yes
app/Console/Commands/ClearCache.php,app,yes
app/Console/Commands/ConfigureGmailMailbox.php,app,yes
app/Console/Commands/CreateUser.php,app,yes
app/Console/Commands/EndImpersonation.php,app,yes
app/Console/Commands/FetchEmails.php,app,yes
app/Console/Commands/GenerateVars.php,app,yes
app/Console/Commands/Install.php,app,yes
app/Console/Commands/LogoutUsers.php,app,yes
app/Console/Commands/ManageMspDemo.php,app,yes
app/Console/Commands/ModuleBuild.php,app,yes
app/Console/Commands/ModuleGitStatus.php,app,yes
app/Console/Commands/ModuleInstall.php,app,yes
app/Console/Commands/ModuleUpdate.php,app,yes
app/Console/Commands/PruneDemoAccounts.php,app,yes
app/Console/Commands/RecordTestFailures.php,app,yes
app/Console/Commands/RunTestsParallel.php,app,yes
app/Console/Commands/SecurityAudit.php,app,yes
app/Console/Commands/SendFollowUpReminders.php,app,yes
app/Console/Commands/TestAtomicCounterDecrement.php,app,yes
app/Console/Commands/TestAtomicCounterIncrement.php,app,yes
app/Console/Commands/TestCommand.php,app,yes
app/Console/Commands/TestEventSystem.php,app,yes
app/Console/Commands/Update.php,app,yes
app/Console/Commands/UpdateFolderCounters.php,app,yes
app/Console/Commands/WarmCache.php,app,yes
app/Console/Kernel.php,app,yes
app/Contracts/Billing/BillingServiceInterface.php,app,yes
app/Contracts/Billing/CreditLedgerInterface.php,app,yes
app/Contracts/Billing/CreditReader.php,app,yes
app/Contracts/Billing/CreditWriter.php,app,yes
app/Contracts/BillingTemplateInterface.php,app,yes
app/Contracts/EntitlementResolver.php,app,yes
app/Contracts/UserEntitlementCountProvider.php,app,yes
app/Contracts/UserProvider.php,app,yes
app/DataTransferObjects/Action1DeviceDiscoveredData.php,app,yes
app/DataTransferObjects/AssetCountChangedData.php,app,yes
app/DataTransferObjects/AssetStatusChangedData.php,app,yes
app/DataTransferObjects/BulkConversationData.php,app,yes
app/DataTransferObjects/ClientCreatedData.php,app,yes
app/DataTransferObjects/ClientUpdatedData.php,app,yes
app/DataTransferObjects/CreateConversationData.php,app,yes
app/DataTransferObjects/CustomerData.php,app,yes
app/DataTransferObjects/DraftData.php,app,yes
app/DataTransferObjects/EntitlementResult.php,app,yes
app/DataTransferObjects/GoogleChromebookDiscoveredData.php,app,yes
app/DataTransferObjects/GoogleUserSyncedData.php,app,yes
app/DataTransferObjects/MailboxData.php,app,yes
app/DataTransferObjects/SmtpSettingsData.php,app,yes
app/DataTransferObjects/StoreRoleData.php,app,yes
app/DataTransferObjects/StoreWebhookChannelData.php,app,yes
app/DataTransferObjects/ThreadData.php,app,yes
app/DataTransferObjects/UpdateRolePermissionData.php,app,yes
app/DataTransferObjects/UserData.php,app,yes
app/DataTransferObjects/UserStatusChangedData.php,app,yes
app/Enums/ConversationStatus.php,app,yes
app/Enums/ConversationType.php,app,yes
app/Enums/ThreadState.php,app,yes
app/Enums/ThreadType.php,app,yes
app/Enums/UserRole.php,app,yes
app/Enums/UserStatus.php,app,yes
app/Enums/UserType.php,app,yes
app/Events/ConversationStatusChanged.php,app,yes
app/Events/ConversationUpdated.php,app,yes
app/Events/ConversationUserChanged.php,app,yes
app/Events/CustomerCreatedConversation.php,app,yes
app/Events/CustomerReplied.php,app,yes
app/Events/NewMessageReceived.php,app,yes
app/Events/UserAddedNote.php,app,yes
app/Events/UserCreatedConversation.php,app,yes
app/Events/UserDeleted.php,app,yes
app/Events/UserReplied.php,app,yes
app/Events/UserViewingConversation.php,app,yes
app/Events/VersionedEvent.php,app,yes
app/Facades/WidgetRegistry.php,app,yes
app/Http/Controllers/Admin/AnalyticsController.php,app,yes
app/Http/Controllers/Admin/Client360Controller.php,app,yes
app/Http/Controllers/Admin/PermissionMatrixController.php,app,yes
app/Http/Controllers/Admin/ResilienceController.php,app,yes
app/Http/Controllers/Admin/SyncMonitorController.php,app,yes
app/Http/Controllers/Admin/UserLifecycleController.php,app,yes
app/Http/Controllers/AlertSubscriptionController.php,app,yes
app/Http/Controllers/Api/Action1ScriptCallbackController.php,app,yes
app/Http/Controllers/Api/ConversationController.php,app,yes
app/Http/Controllers/AttachmentController.php,app,yes
app/Http/Controllers/Auth/AuthenticatedSessionController.php,app,yes
app/Http/Controllers/Auth/ConfirmablePasswordController.php,app,yes
app/Http/Controllers/Auth/EmailVerificationNotificationController.php,app,yes
app/Http/Controllers/Auth/EmailVerificationPromptController.php,app,yes
app/Http/Controllers/Auth/NewPasswordController.php,app,yes
app/Http/Controllers/Auth/PasswordController.php,app,yes
app/Http/Controllers/Auth/PasswordResetLinkController.php,app,yes
app/Http/Controllers/Auth/RegisteredUserController.php,app,yes
app/Http/Controllers/Auth/SocialAuthController.php,app,yes
app/Http/Controllers/Auth/VerifyEmailController.php,app,yes
app/Http/Controllers/ChaosController.php,app,yes
app/Http/Controllers/CollisionController.php,app,yes
app/Http/Controllers/Controller.php,app,yes
app/Http/Controllers/ConversationController.php,app,yes
app/Http/Controllers/CustomerController.php,app,yes
app/Http/Controllers/DashboardController.php,app,yes
app/Http/Controllers/DraftController.php,app,yes
app/Http/Controllers/GlobalSearchController.php,app,yes
app/Http/Controllers/ImpersonationController.php,app,yes
app/Http/Controllers/LocaleController.php,app,yes
app/Http/Controllers/MailboxController.php,app,yes
app/Http/Controllers/ModulesController.php,app,yes
app/Http/Controllers/NotificationController.php,app,yes
app/Http/Controllers/ProfileController.php,app,yes
app/Http/Controllers/PublicAttachmentController.php,app,yes
app/Http/Controllers/RbacController.php,app,yes
app/Http/Controllers/SettingsController.php,app,yes
app/Http/Controllers/SystemController.php,app,yes
app/Http/Controllers/TagController.php,app,yes
app/Http/Controllers/ThemeController.php,app,yes
app/Http/Controllers/ThemeEditorController.php,app,yes
app/Http/Controllers/TrackingController.php,app,yes
app/Http/Controllers/UserController.php,app,yes
app/Http/Controllers/WebhookController.php,app,yes
app/Http/Controllers/WebhookGatewayController.php,app,yes
app/Http/Controllers/Webhooks/Action1WebhookController.php,app,yes
app/Http/Middleware/AddSentryContext.php,app,yes
app/Http/Middleware/ApplyUserTheme.php,app,yes
app/Http/Middleware/CustomHandle.php,app,yes
app/Http/Middleware/EnsureUserIsAdmin.php,app,yes
app/Http/Middleware/FrameGuard.php,app,yes
app/Http/Middleware/Localize.php,app,yes
app/Http/Middleware/LogoutIfDeleted.php,app,yes
app/Http/Middleware/PreventImpersonatorWrites.php,app,yes
app/Http/Middleware/ResponseHeaders.php,app,yes
app/Http/Middleware/ScopeCompany.php,app,yes
app/Http/Middleware/TrackPerformanceMetrics.php,app,yes
app/Http/Middleware/VerifyWebhookSignature.php,app,yes
app/Http/Requests/Auth/LoginRequest.php,app,yes
app/Http/Requests/ProfileUpdateRequest.php,app,yes
app/Http/Requests/ReplyConversationRequest.php,app,yes
app/Http/Requests/SaveDraftRequest.php,app,yes
app/Http/Requests/StoreConversationRequest.php,app,yes
app/Http/Requests/StoreCustomerRequest.php,app,yes
app/Http/Requests/StoreMailboxRequest.php,app,yes
app/Http/Requests/StoreRoleRequest.php,app,yes
app/Http/Requests/StoreUserRequest.php,app,yes
app/Http/Requests/StoreWebhookChannelRequest.php,app,yes
app/Http/Requests/UpdateConversationRequest.php,app,yes
app/Http/Requests/UpdateCustomerRequest.php,app,yes
app/Http/Requests/UpdateGeneralSettingsRequest.php,app,yes
app/Http/Requests/UpdateMailboxRequest.php,app,yes
app/Http/Requests/UpdateRolePermissionRequest.php,app,yes
app/Http/Requests/UpdateUserRequest.php,app,yes
app/Http/Requests/ValidateSmtpRequest.php,app,yes
app/Jobs/RenewExpiringWebhooksJob.php,app,yes
app/Jobs/SendAlertJob.php,app,yes
app/Jobs/SendAutoReplyJob.php,app,yes
app/Jobs/SendConversationReplyJob.php,app,yes
app/Jobs/SendEmailReplyErrorJob.php,app,yes
app/Jobs/SendNotificationToUsersJob.php,app,yes
app/Listeners/HandleNewMessage.php,app,yes
app/Listeners/IdempotentListener.php,app,yes
app/Listeners/LogFailedLogin.php,app,yes
app/Listeners/LogLockout.php,app,yes
app/Listeners/LogPasswordReset.php,app,yes
app/Listeners/LogRegisteredUser.php,app,yes
app/Listeners/LogSuccessfulLogin.php,app,yes
app/Listeners/LogSuccessfulLogout.php,app,yes
app/Listeners/LogUserDeletion.php,app,yes
app/Listeners/RememberUserLocale.php,app,yes
app/Listeners/SendAutoReply.php,app,yes
app/Listeners/SendNotificationToUsers.php,app,yes
app/Listeners/SendPasswordChanged.php,app,yes
app/Listeners/SendReplyToCustomer.php,app,yes
app/Listeners/UpdateMailboxCounters.php,app,yes
app/Logging/ResilientStreamHandler.php,app,yes
app/Mail/Alert.php,app,yes
app/Mail/AutoReply.php,app,yes
app/Mail/ConversationReplyNotification.php,app,yes
app/Mail/CustomerReply.php,app,yes
app/Mail/PasswordChanged.php,app,yes
app/Mail/SmtpTestMail.php,app,yes
app/Mail/Test.php,app,yes
app/Mail/TicketCreatedMail.php,app,yes
app/Mail/TicketRepliedMail.php,app,yes
app/Mail/UserEmailReplyError.php,app,yes
app/Mail/UserInvite.php,app,yes
app/Mail/UserNotification.php,app,yes
app/Misc/Draft.php,app,yes
app/Misc/Helper.php,app,yes
app/Misc/MailHelper.php,app,yes
app/Misc/OAuth.php,app,yes
app/Misc/WpApi.php,app,yes
app/Models/ActivityLog.php,app,yes
app/Models/Attachment.php,app,yes
app/Models/Channel.php,app,yes
app/Models/Conversation.php,app,yes
app/Models/Customer.php,app,yes
app/Models/CustomerChannel.php,app,yes
app/Models/Email.php,app,yes
app/Models/Folder.php,app,yes
app/Models/GooglePushChannel.php,app,yes
app/Models/Mailbox.php,app,yes
app/Models/MailboxUser.php,app,yes
app/Models/Module.php,app,yes
app/Models/ModuleActivityLog.php,app,yes
app/Models/Modules/Crm/Models/BillingTemplate.php,app,yes
app/Models/Option.php,app,yes
app/Models/Permission.php,app,yes
app/Models/Role.php,app,yes
app/Models/SavedSearch.php,app,yes
app/Models/SendLog.php,app,yes
app/Models/Subscription.php,app,yes
app/Models/SyncOperation.php,app,yes
app/Models/Theme.php,app,yes
app/Models/Thread.php,app,yes
app/Models/User.php,app,yes
app/Module.php,app,yes
app/Notifications/FollowUpReminderNotification.php,app,yes
app/Observers/AttachmentObserver.php,app,yes
app/Observers/ConversationObserver.php,app,yes
app/Observers/CustomerObserver.php,app,yes
app/Observers/MailboxObserver.php,app,yes
app/Observers/ThreadObserver.php,app,yes
app/Observers/UserObserver.php,app,yes
app/Policies/ClientPolicy.php,app,yes
app/Policies/ClientUserPolicy.php,app,yes
app/Policies/ConversationPolicy.php,app,yes
app/Policies/FolderPolicy.php,app,yes
app/Policies/MailboxPolicy.php,app,yes
app/Policies/ThreadPolicy.php,app,yes
app/Policies/UserPolicy.php,app,yes
app/Providers/AppServiceProvider.php,app,yes
app/Providers/EventServiceProvider.php,app,yes
app/Providers/ModuleCompatibilityServiceProvider.php,app,yes
app/Scopes/TechnicianScope.php,app,yes
app/Services/AtomicCounterService.php,app,yes
app/Services/AuditLogService.php,app,yes
app/Services/CacheService.php,app,yes
app/Services/CachedMailboxService.php,app,yes
app/Services/CircuitBreakerService.php,app,yes
app/Services/EntitlementEngine.php,app,yes
app/Services/ImapService.php,app,yes
app/Services/MetricsService.php,app,yes
app/Services/ModuleSourceService.php,app,yes
app/Services/Navigation/NavigationService.php,app,yes
app/Services/RateLimiterService.php,app,yes
app/Services/SentryBeforeBreadcrumb.php,app,yes
app/Services/SentryBeforeSend.php,app,yes
app/Services/SmtpService.php,app,yes
app/Services/Ui/WidgetRegistryService.php,app,yes
app/Services/UserDirectoryRegistryService.php,app,yes
app/Traits/AuditsSensitiveOperations.php,app,yes
app/Traits/BelongsToClient.php,app,yes
app/Traits/ExtensibleModel.php,app,yes
app/Traits/HasAtomicCounters.php,app,yes
app/Traits/ResilientListener.php,app,yes
app/ValueObjects/Money.php,app,yes
app/View/Components/AppLayout.php,app,yes
app/View/Components/Billing/TabPanel.php,app,yes
app/View/Components/Billing/Tabs.php,app,yes
app/View/Components/GuestLayout.php,app,yes
app/Widgets/Dashboard/AdminDashboardWidget.php,app,yes
app/Widgets/Dashboard/AgentDashboardWidget.php,app,yes
app/Widgets/Dashboard/FinanceDashboardWidget.php,app,yes
app/Widgets/Dashboard/ReporterDashboardWidget.php,app,yes
app/helpers.php,app,yes
tests/ArchTest.php,tests,yes
tests/Architecture/BillingPaymentTypeCoverageGuardTest.php,tests,yes
tests/Architecture/CriticalNamespaceBoundaryGuardTest.php,tests,yes
tests/Architecture/EnhancedArchitectureTest.php,tests,yes
tests/Architecture/InterfaceSegregationTest.php,tests,yes
tests/Architecture/LayerTest.php,tests,yes
tests/Architecture/ModuleBoundariesTest.php,tests,yes
tests/Architecture/ModuleContracts/ModuleBoundaryContractsTest.php,tests,yes
tests/Architecture/NamingConventionsTest.php,tests,yes
tests/Attributes/Flaky.php,tests,yes
tests/Attributes/NonBatched.php,tests,yes
tests/Attributes/NonParallel.php,tests,yes
tests/Browser/Admin/CustomerManagementPestTest.php,tests,yes
tests/Browser/Admin/MilestoneCrudPestTest.php,tests,yes
tests/Browser/Admin/WebhookGatewayPestTest.php,tests,yes
tests/Browser/Alerts/AlertSubscriptionPestTest.php,tests,yes
tests/Browser/AssetManagementTest.php,tests,yes
tests/Browser/Billing/AssetCreditLedgerPestTest.php,tests,yes
tests/Browser/Billing/BillingAdjustmentPestTest.php,tests,yes
tests/Browser/Billing/PaymentProcessingPestTest.php,tests,yes
tests/Browser/Billing/PlanOverridesPestTest.php,tests,yes
tests/Browser/Billing/ProjectMilestonesPestTest.php,tests,yes
tests/Browser/Billing/RecordPaymentBrowserTest.php,tests,yes
tests/Browser/Billing/RentToOwnPestTest.php,tests,yes
tests/Browser/Billing/TicketBillingPestTest.php,tests,yes
tests/Browser/BillingCyclePestTest.php,tests,yes
tests/Browser/ClientApprovalPestTest.php,tests,yes
tests/Browser/ClientPortal/PortalInvoiceBrowserTest.php,tests,yes
tests/Browser/ClientPortal/PortalPaymentMethodPestTest.php,tests,yes
tests/Browser/Commerce/BillingTemplateManagementPestTest.php,tests,yes
tests/Browser/Commerce/ContractLifecyclePestTest.php,tests,yes
tests/Browser/Commerce/HardwareProcurementPestTest.php,tests,yes
tests/Browser/Commerce/QuoteApprovalPestTest.php,tests,yes
tests/Browser/Commerce/QuoteCreationPestTest.php,tests,yes
tests/Browser/ContractInvoiceGenerationPestTest.php,tests,yes
tests/Browser/CrmFeaturePestTest.php,tests,yes
tests/Browser/CrossModuleDataOwnershipPestTest.php,tests,yes
tests/Browser/Debug/TicketDebugPestTest.php,tests,yes
tests/Browser/EmailMigration/MigrationWizardPestTest.php,tests,yes
tests/Browser/Finance/FullLifecyclePestTest.php,tests,yes
tests/Browser/Finance/ServiceUsagePestTest.php,tests,yes
tests/Browser/Helpdesk/ClientTicketInteractionPestTest.php,tests,yes
tests/Browser/KnowledgeBase/ExploreAndTourPestTest.php,tests,yes
tests/Browser/KnowledgeBase/KnowledgeBasePestTest.php,tests,yes
tests/Browser/MultiUserWorkflowsPestTest.php,tests,yes
tests/Browser/PIB/EntitlementUXPestTest.php,tests,yes
tests/Browser/PaymentProcessingE2EPestTest.php,tests,yes
tests/Browser/Portal/PortalFeaturesPestTest.php,tests,yes
tests/Browser/RBACSecurityPestTest.php,tests,yes
tests/Browser/RentToOwnUIFlowPestTest.php,tests,yes
tests/Browser/Reporting/MilestonePestTest.php,tests,yes
tests/Browser/Service/SoftwareAssignmentPestTest.php,tests,yes
tests/CreatesApplication.php,tests,yes
tests/Feature/Admin/Action1AuditPestTest.php,tests,yes
tests/Feature/Admin/ConversationPestTest.php,tests,yes
tests/Feature/Admin/MailboxManagementPestTest.php,tests,yes
tests/Feature/Admin/ReconciliationPestTest.php,tests,yes
tests/Feature/Admin/ResilienceAdminPestTest.php,tests,yes
tests/Feature/Admin/ResilienceDashboardPestTest.php,tests,yes
tests/Feature/Admin/UserManagementPestTest.php,tests,yes
tests/Feature/AuditLogTest.php,tests,yes
tests/Feature/Auth/AuthenticationPestTest.php,tests,yes
tests/Feature/Auth/EmailVerificationPestTest.php,tests,yes
tests/Feature/Auth/PasswordConfirmationPestTest.php,tests,yes
tests/Feature/Auth/PasswordResetPestTest.php,tests,yes
tests/Feature/Auth/PasswordUpdatePestTest.php,tests,yes
tests/Feature/Auth/RegistrationPestTest.php,tests,yes
tests/Feature/AuthRateLimitingTest.php,tests,yes
tests/Feature/Billing/InvoiceGenerationPestTest.php,tests,yes
tests/Feature/Billing/ServiceUsagePestTest.php,tests,yes
tests/Feature/CacheInvalidationTest.php,tests,yes
tests/Feature/Commerce/QuoteLifecyclePestTest.php,tests,yes
tests/Feature/CompleteWorkflowPestTest.php,tests,yes
tests/Feature/Console/ConsoleCommandsComprehensivePestTest.php,tests,yes
tests/Feature/Conversation/ConversationAdvancedPestTest.php,tests,yes
tests/Feature/Conversation/ConversationAjaxPestTest.php,tests,yes
tests/Feature/Conversation/ConversationAttachmentPestTest.php,tests,yes
tests/Feature/Conversation/ConversationBasicPestTest.php,tests,yes
tests/Feature/Conversation/ConversationCollisionPestTest.php,tests,yes
tests/Feature/Conversation/ConversationDraftPestTest.php,tests,yes
tests/Feature/Conversation/ConversationForwardPestTest.php,tests,yes
tests/Feature/Conversation/ConversationFullCrudPestTest.php,tests,yes
tests/Feature/Conversation/ConversationLogicPestTest.php,tests,yes
tests/Feature/Conversation/ConversationMethodsPestTest.php,tests,yes
tests/Feature/Conversation/ConversationOpsPestTest.php,tests,yes
tests/Feature/Conversation/ConversationReplyPestTest.php,tests,yes
tests/Feature/Conversation/ConversationSearchPestTest.php,tests,yes
tests/Feature/Conversation/ConversationSecurityPestTest.php,tests,yes
tests/Feature/Conversation/ConversationStatePestTest.php,tests,yes
tests/Feature/Conversation/ConversationTrackingPestTest.php,tests,yes
tests/Feature/Conversation/ConversationUndoSendPestTest.php,tests,yes
tests/Feature/Conversation/ConversationValidationPestTest.php,tests,yes
tests/Feature/Core/ActivityLogPestTest.php,tests,yes
tests/Feature/Core/AdvancedSearchPestTest.php,tests,yes
tests/Feature/Core/CoreSmokeTestPestTest.php,tests,yes
tests/Feature/Core/EdgeCasesPestTest.php,tests,yes
tests/Feature/Core/OptionPestTest.php,tests,yes
tests/Feature/Core/PaginationPestTest.php,tests,yes
tests/Feature/Core/TagsPestTest.php,tests,yes
tests/Feature/CreditSystemWorkflowPestTest.php,tests,yes
tests/Feature/Customer/CustomerAjaxPestTest.php,tests,yes
tests/Feature/Customer/CustomerEdgeCasesPestTest.php,tests,yes
tests/Feature/Customer/CustomerEmailMigrationPestTest.php,tests,yes
tests/Feature/Customer/CustomerIndexPestTest.php,tests,yes
tests/Feature/Customer/CustomerLogicPestTest.php,tests,yes
tests/Feature/Customer/CustomerManagePestTest.php,tests,yes
tests/Feature/Customer/CustomerSocialPestTest.php,tests,yes
tests/Feature/Customer/CustomerViewsPestTest.php,tests,yes
tests/Feature/DashboardPestTest.php,tests,yes
tests/Feature/DeploymentManager/TsdmActivationRateLimitingTest.php,tests,yes
tests/Feature/EmailMigration/MailboxMassAssignmentTest.php,tests,yes
tests/Feature/EmailMigration/ProfileMassAssignmentTest.php,tests,yes
tests/Feature/EventListenersTest.php,tests,yes
tests/Feature/Integration/IntegrationAdvancedPestTest.php,tests,yes
tests/Feature/Integration/IntegrationComplexPestTest.php,tests,yes
tests/Feature/Integration/IntegrationConversationWorkflowPestTest.php,tests,yes
tests/Feature/Integration/IntegrationEdgeCasesPestTest.php,tests,yes
tests/Feature/Integration/IntegrationPerformancePestTest.php,tests,yes
tests/Feature/Integration/IntegrationSecurityPestTest.php,tests,yes
tests/Feature/Integration/IntegrationWorkflowPestTest.php,tests,yes
tests/Feature/Integration/SoftwareCountChangedEventChainTest.php,tests,yes
tests/Feature/InterfaceSegregation/CreditLedgerInterfacesTest.php,tests,yes
tests/Feature/KnowledgeBase/InteractiveFeaturesTest.php,tests,yes
tests/Feature/Mailbox/MailboxAdvancedSettingsPestTest.php,tests,yes
tests/Feature/Mailbox/MailboxAutoReplyPestTest.php,tests,yes
tests/Feature/Mailbox/MailboxBasicPestTest.php,tests,yes
tests/Feature/Mailbox/MailboxConnectionPestTest.php,tests,yes
tests/Feature/Mailbox/MailboxFetchCommandPestTest.php,tests,yes
tests/Feature/Mailbox/MailboxGmailCommandPestTest.php,tests,yes
tests/Feature/Mailbox/MailboxOAuthPestTest.php,tests,yes
tests/Feature/Mailbox/MailboxPermissionsPestTest.php,tests,yes
tests/Feature/Mailbox/MailboxRegressionPestTest.php,tests,yes
tests/Feature/Mailbox/MailboxValidationPestTest.php,tests,yes
tests/Feature/Modules/ModulesInstallationPestTest.php,tests,yes
tests/Feature/Modules/ModulesLicensingPestTest.php,tests,yes
tests/Feature/Modules/ModulesManagementPestTest.php,tests,yes
tests/Feature/Modules/ModulesUXPestTest.php,tests,yes
tests/Feature/Modules/SoftwareSubscriptions/AtomicCounterPestTest.php,tests,yes
tests/Feature/Observability/SentryIntegrationTest.php,tests,yes
tests/Feature/Observability/SentryMiddlewareTest.php,tests,yes
tests/Feature/Partials/PartialsPestTest.php,tests,yes
tests/Feature/PerformancePestTest.php,tests,yes
tests/Feature/Portal/PortalAccessPestTest.php,tests,yes
tests/Feature/Public/PublicAccessPestTest.php,tests,yes
tests/Feature/RouteCoverageTest.php,tests,yes
tests/Feature/Security/SecurityAuthorizationPestTest.php,tests,yes
tests/Feature/Security/SecurityInfrastructurePestTest.php,tests,yes
tests/Feature/Security/SecurityValidationPestTest.php,tests,yes
tests/Feature/Security/SecurityVulnerabilityPestTest.php,tests,yes
tests/Feature/Service/AssetLifecyclePestTest.php,tests,yes
tests/Feature/Service/SoftwareSubscriptionPestTest.php,tests,yes
tests/Feature/Settings/GeneralSettingsPestTest.php,tests,yes
tests/Feature/Settings/IntegrationSettingsPestTest.php,tests,yes
tests/Feature/Settings/MailConnectionPestTest.php,tests,yes
tests/Feature/Settings/SettingsUpdatePestTest.php,tests,yes
tests/Feature/Settings/SettingsValidationPestTest.php,tests,yes
tests/Feature/Settings/SystemSettingsPestTest.php,tests,yes
tests/Feature/SmokeTest.php,tests,yes
tests/Feature/System/DatabaseIntegrityPestTest.php,tests,yes
tests/Feature/System/ModuleInstallCommandPestTest.php,tests,yes
tests/Feature/System/SystemAccessPestTest.php,tests,yes
tests/Feature/System/SystemDiagnosticsPestTest.php,tests,yes
tests/Feature/System/SystemEventsCommandPestTest.php,tests,yes
tests/Feature/System/SystemHealthPestTest.php,tests,yes
tests/Feature/System/SystemOpsPestTest.php,tests,yes
tests/Feature/System/SystemUpdatePestTest.php,tests,yes
tests/Feature/System/WebhooksPestTest.php,tests,yes
tests/Feature/Theme/ThemeControllerPestTest.php,tests,yes
tests/Feature/Theme/ThemeMechanismPestTest.php,tests,yes
tests/Feature/User/PermissionsPestTest.php,tests,yes
tests/Feature/User/ProfilePestTest.php,tests,yes
tests/Feature/User/UserAjaxPestTest.php,tests,yes
tests/Feature/User/UserDeletionPestTest.php,tests,yes
tests/Feature/User/UserManagementPestTest.php,tests,yes
tests/Feature/User/UserPasswordPestTest.php,tests,yes
tests/Feature/User/UserPermissionsPestTest.php,tests,yes
tests/Feature/User/UserSecurityPestTest.php,tests,yes
tests/Feature/User/UserSetupPestTest.php,tests,yes
tests/Feature/Webhooks/Action1ScriptCallbackRateLimitingTest.php,tests,yes
tests/Feature/Webhooks/GoogleChromeWebhookRateLimitingTest.php,tests,yes
tests/Feature/Webhooks/GoogleWebhookTest.php,tests,yes
tests/Feature/Webhooks/WebhookSecurityTest.php,tests,yes
tests/FeatureTestCase.php,tests,yes
tests/Integration/Actions/BulkConversationsActionTest.php,tests,yes
tests/Integration/Actions/ForwardConversationActionTest.php,tests,yes
tests/Integration/Actions/MergeConversationsActionTest.php,tests,yes
tests/Integration/Actions/MergeCustomersActionTest.php,tests,yes
tests/Integration/Actions/SaveDraftActionTest.php,tests,yes
tests/Integration/Actions/UpdateFollowUpDateActionTest.php,tests,yes
tests/Integration/ActivityLogModelTest.php,tests,yes
tests/Integration/AtomicCounterConcurrencyTest.php,tests,yes
tests/Integration/AtomicCounterServicePestTest.php,tests,yes
tests/Integration/AttachmentModelTest.php,tests,yes
tests/Integration/Boundaries/Action1ApiContractTest.php,tests,yes
tests/Integration/Boundaries/GoogleWorkspaceApiContractTest.php,tests,yes
tests/Integration/Boundaries/PaymentGatewayAdapterTest.php,tests,yes
tests/Integration/ClientPortal/PortalInvoiceFlowTest.php,tests,yes
tests/Integration/ComplexValidationScenariosTest.php,tests,yes
tests/Integration/Console/Commands/AfterAppUpdateTest.php,tests,yes
tests/Integration/Console/Commands/CheckRequirementsTest.php,tests,yes
tests/Integration/Console/Commands/ClearCacheTest.php,tests,yes
tests/Integration/Console/Commands/CommandErrorHandlingTest.php,tests,yes
tests/Integration/Console/Commands/CreateUserCommandTest.php,tests,yes
tests/Integration/Console/Commands/CreateUserTest.php,tests,yes
tests/Integration/Console/Commands/KernelAndEdgeCasesTest.php,tests,yes
tests/Integration/Console/Commands/LogoutUsersCommandTest.php,tests,yes
tests/Integration/Console/Commands/LogoutUsersTest.php,tests,yes
tests/Integration/Console/Commands/ModuleBuildTest.php,tests,yes
tests/Integration/Console/Commands/ModuleInstallCommandsTest.php,tests,yes
tests/Integration/Console/Commands/ModuleUpdateAndUpdateCommandsTest.php,tests,yes
tests/Integration/Console/Commands/ModuleUpdateTest.php,tests,yes
tests/Integration/Console/Commands/UpdateFolderCountersCommandTest.php,tests,yes
tests/Integration/Console/Commands/UpdateFolderCountersTest.php,tests,yes
tests/Integration/Console/KernelTest.php,tests,yes
tests/Integration/ControllerCoverageTest.php,tests,yes
tests/Integration/Controllers/AttachmentControllerTest.php,tests,yes
tests/Integration/Controllers/Auth/AuthenticatedSessionControllerTest.php,tests,yes
tests/Integration/Controllers/Auth/ConfirmablePasswordControllerTest.php,tests,yes
tests/Integration/Controllers/Auth/EmailVerificationReminderControllerTest.php,tests,yes
tests/Integration/Controllers/Auth/NewPasswordControllerTest.php,tests,yes
tests/Integration/Controllers/Auth/PasswordResetLinkControllerTest.php,tests,yes
tests/Integration/Controllers/Auth/RegisteredUserControllerTest.php,tests,yes
tests/Integration/Controllers/Auth/VerifyEmailControllerTest.php,tests,yes
tests/Integration/Controllers/ConversationControllerTest.php,tests,yes
tests/Integration/Controllers/CustomerControllerTest.php,tests,yes
tests/Integration/Controllers/DashboardControllerTest.php,tests,yes
tests/Integration/Controllers/EmailVerificationNotificationControllerTest.php,tests,yes
tests/Integration/Controllers/LocaleControllerTest.php,tests,yes
tests/Integration/Controllers/MailboxControllerEnhancedTest.php,tests,yes
tests/Integration/Controllers/ModulesControllerTest.php,tests,yes
tests/Integration/Controllers/NotificationControllerTest.php,tests,yes
tests/Integration/Controllers/ProfileControllerTest.php,tests,yes
tests/Integration/Controllers/SettingsControllerTest.php,tests,yes
tests/Integration/Controllers/SystemControllerTest.php,tests,yes
tests/Integration/Controllers/TagControllerTest.php,tests,yes
tests/Integration/Controllers/UserControllerTest.php,tests,yes
tests/Integration/Controllers/WebhookControllerTest.php,tests,yes
tests/Integration/ConversationObserverTest.php,tests,yes
tests/Integration/ConversationPolicyTest.php,tests,yes
tests/Integration/CrossModule/ContractToBillingChainPestTest.php,tests,yes
tests/Integration/CrossModule/GoogleAdminToClientCaseChainPestTest.php,tests,yes
tests/Integration/CrossModule/ReconciliationToBillingAdjustmentPestTest.php,tests,yes
tests/Integration/CrossModule/WorkflowContractTest.php,tests,yes
tests/Integration/CustomerModelTest.php,tests,yes
tests/Integration/DashboardControllerTest.php,tests,yes
tests/Integration/Database/AdvancedEdgeCasesTest.php,tests,yes
tests/Integration/EdgeCases/ModelEdgeCasesTest.php,tests,yes
tests/Integration/EdgeCases/ValidationEdgeCasesTest.php,tests,yes
tests/Integration/EmailModelEnhancedTest.php,tests,yes
tests/Integration/EntitlementEngineTest.php,tests,yes
tests/Integration/EventBroadcastingEnhancedTest.php,tests,yes
tests/Integration/Events/ClientArchivedBillingPausePestTest.php,tests,yes
tests/Integration/Events/ConversationUpdatedTest.php,tests,yes
tests/Integration/Events/EventDrivenIntegrationPestTest.php,tests,yes
tests/Integration/Events/EventEdgeCasesTest.php,tests,yes
tests/Integration/Events/EventsComprehensiveTest.php,tests,yes
tests/Integration/Events/EventsTest.php,tests,yes
tests/Integration/Events/NewMessageReceivedTest.php,tests,yes
tests/Integration/Events/UserViewingConversationTest.php,tests,yes
tests/Integration/FolderEdgeCasesTest.php,tests,yes
tests/Integration/FolderHierarchyTest.php,tests,yes
tests/Integration/FolderPolicyTest.php,tests,yes
tests/Integration/HandleNewMessageListenerTest.php,tests,yes
tests/Integration/Http/Controllers/ConversationControllerTest.php,tests,yes
tests/Integration/ImapServiceAdvancedTest.php,tests,yes
tests/Integration/Jobs/JobFailureRecoveryTest.php,tests,yes
tests/Integration/Jobs/JobsComprehensiveTest.php,tests,yes
tests/Integration/Jobs/JobsTest.php,tests,yes
tests/Integration/Jobs/ProcessInvoicePaymentJobIntegrationTest.php,tests,yes
tests/Integration/Jobs/QueueIsolationTest.php,tests,yes
tests/Integration/Jobs/RecurringInvoiceJobIntegrationTest.php,tests,yes
tests/Integration/Jobs/SendAlertTest.php,tests,yes
tests/Integration/Jobs/SendAutoReplyComprehensiveTest.php,tests,yes
tests/Integration/Jobs/SendAutoReplyTest.php,tests,yes
tests/Integration/Jobs/SendConversationReplyComprehensiveTest.php,tests,yes
tests/Integration/Jobs/SendConversationReplyTest.php,tests,yes
tests/Integration/Jobs/SendEmailReplyErrorTest.php,tests,yes
tests/Integration/Jobs/SendNotificationEdgeCasesTest.php,tests,yes
tests/Integration/Jobs/SendNotificationToUsersTest.php,tests,yes
tests/Integration/Jobs/SyncAction1DevicesJobIntegrationTest.php,tests,yes
tests/Integration/Jobs/SyncGoogleUsersJobIntegrationTest.php,tests,yes
tests/Integration/Listeners/AdditionalListenersTest.php,tests,yes
tests/Integration/Listeners/IdempotentListenerTest.php,tests,yes
tests/Integration/Listeners/ListenersComprehensiveTest.php,tests,yes
tests/Integration/Listeners/LogListenersTest.php,tests,yes
tests/Integration/Listeners/LogLockoutTest.php,tests,yes
tests/Integration/Listeners/LogPasswordResetTest.php,tests,yes
tests/Integration/Listeners/LogRegisteredUserTest.php,tests,yes
tests/Integration/Listeners/LogUserDeletionTest.php,tests,yes
tests/Integration/Listeners/SendAutoReplyInternalEmailTest.php,tests,yes
tests/Integration/Listeners/SendAutoReplyListenerTest.php,tests,yes
tests/Integration/Listeners/SendAutoReplyTest.php,tests,yes
tests/Integration/Listeners/SendNotificationToUsersTest.php,tests,yes
tests/Integration/Listeners/SendReplyToCustomerListenerTest.php,tests,yes
tests/Integration/Listeners/SendReplyToCustomerTest.php,tests,yes
tests/Integration/Listeners/UpdateMailboxCountersListenerTest.php,tests,yes
tests/Integration/Listeners/UpdateMailboxCountersTest.php,tests,yes
tests/Integration/Mail/CustomerReplyTest.php,tests,yes
tests/Integration/Mail/MailablesComprehensiveTest.php,tests,yes
tests/Integration/Mail/PasswordChangedMailTest.php,tests,yes
tests/Integration/Mail/PasswordChangedTest.php,tests,yes
tests/Integration/Mail/TestMailableTest.php,tests,yes
tests/Integration/Mail/UserEmailReplyErrorTest.php,tests,yes
tests/Integration/Mail/UserInviteMailTest.php,tests,yes
tests/Integration/Mail/UserInviteTest.php,tests,yes
tests/Integration/Mail/UserNotificationMailTest.php,tests,yes
tests/Integration/Mail/UserNotificationTest.php,tests,yes
tests/Integration/MailboxControllerValidationTest.php,tests,yes
tests/Integration/MailboxScopesTest.php,tests,yes
tests/Integration/Misc/DraftTest.php,tests,yes
tests/Integration/Misc/MailHelperReplaceMailVarsTest.php,tests,yes
tests/Integration/Models/ActivityLogModelMethodsTest.php,tests,yes
tests/Integration/Models/ActivityLogTest.php,tests,yes
tests/Integration/Models/AdditionalModelsTest.php,tests,yes
tests/Integration/Models/AttachmentTest.php,tests,yes
tests/Integration/Models/ChannelTest.php,tests,yes
tests/Integration/Models/ConversationMethodsTest.php,tests,yes
tests/Integration/Models/ConversationTest.php,tests,yes
tests/Integration/Models/CoreModelsComprehensiveTest.php,tests,yes
tests/Integration/Models/CustomerChannelTest.php,tests,yes
tests/Integration/Models/CustomerComprehensiveTest.php,tests,yes
tests/Integration/Models/CustomerTest.php,tests,yes
tests/Integration/Models/EmailTest.php,tests,yes
tests/Integration/Models/FolderEnhancedTest.php,tests,yes
tests/Integration/Models/FolderMethodsTest.php,tests,yes
tests/Integration/Models/FolderTest.php,tests,yes
tests/Integration/Models/MailboxMethodsTest.php,tests,yes
tests/Integration/Models/MailboxTest.php,tests,yes
tests/Integration/Models/ModelRelationshipsTest.php,tests,yes
tests/Integration/Models/ModuleTest.php,tests,yes
tests/Integration/Models/OptionTest.php,tests,yes
tests/Integration/Models/SavedSearchComprehensiveTest.php,tests,yes
tests/Integration/Models/SavedSearchModelTest.php,tests,yes
tests/Integration/Models/SendLogTest.php,tests,yes
tests/Integration/Models/SubscriptionTest.php,tests,yes
tests/Integration/Models/ThreadTest.php,tests,yes
tests/Integration/Models/UserMethodsTest.php,tests,yes
tests/Integration/Models/UserTest.php,tests,yes
tests/Integration/ModuleModelTest.php,tests,yes
tests/Integration/Modules/ModuleTest.php,tests,yes
tests/Integration/Observers/AttachmentObserverTest.php,tests,yes
tests/Integration/Observers/ConversationObserverTest.php,tests,yes
tests/Integration/Observers/CustomerObserverTest.php,tests,yes
tests/Integration/Observers/MailboxObserverTest.php,tests,yes
tests/Integration/Observers/ObserverCascadeTest.php,tests,yes
tests/Integration/Observers/ObserversComprehensiveTest.php,tests,yes
tests/Integration/Observers/ThreadObserverTest.php,tests,yes
tests/Integration/Observers/UserObserverTest.php,tests,yes
tests/Integration/PIB/BillingAnalysisServiceTest.php,tests,yes
tests/Integration/PIB/ConversationBillingMetadataTest.php,tests,yes
tests/Integration/PIB/InvoiceGeneratorTest.php,tests,yes
tests/Integration/PIB/InvoiceModelTest.php,tests,yes
tests/Integration/PIB/InvoicePdfAndShowTest.php,tests,yes
tests/Integration/PIB/InvoiceTransitionTest.php,tests,yes
tests/Integration/PIB/RecordPaymentFlowTest.php,tests,yes
tests/Integration/Payment/HelcimServiceTest.php,tests,yes
tests/Integration/Payment/PaymentModelTest.php,tests,yes
tests/Integration/Performance/PerformanceAndOptimizationTest.php,tests,yes
tests/Integration/Policies/ConversationPolicyTest.php,tests,yes
tests/Integration/Policies/MailboxPolicyTest.php,tests,yes
tests/Integration/Policies/PoliciesComprehensiveTest.php,tests,yes
tests/Integration/Providers/ProvidersComprehensiveTest.php,tests,yes
tests/Integration/RememberUserLocaleListenerTest.php,tests,yes
tests/Integration/Requests/BoundaryRequestCoverageTest.php,tests,yes
tests/Integration/Requests/ProfileUpdateRequestTest.php,tests,yes
tests/Integration/SendConversationReplyJobTest.php,tests,yes
tests/Integration/SendLogModelTest.php,tests,yes
tests/Integration/Services/AppRateLimiterServiceTest.php,tests,yes
tests/Integration/Services/AssetCounterServiceTest.php,tests,yes
tests/Integration/Services/AtomicCounterServiceTest.php,tests,yes
tests/Integration/Services/AuditLogServiceTest.php,tests,yes
tests/Integration/Services/BillingTemplateServiceTest.php,tests,yes
tests/Integration/Services/CircuitBreakerServiceTest.php,tests,yes
tests/Integration/Services/CircuitBreakerTest.php,tests,yes
tests/Integration/Services/ClientCreditServiceTest.php,tests,yes
tests/Integration/Services/EntitlementEnforcementPestTest.php,tests,yes
tests/Integration/Services/EntitlementEngineServiceTest.php,tests,yes
tests/Integration/Services/EntitlementEngineTest.php,tests,yes
tests/Integration/Services/ImapConnectionEdgeCasesTest.php,tests,yes
tests/Integration/Services/ImapServiceProcessMessageAdvancedTest.php,tests,yes
tests/Integration/Services/ImapServiceProcessMessageBasicTest.php,tests,yes
tests/Integration/Services/ImapServiceTest.php,tests,yes
tests/Integration/Services/MetricsServiceTest.php,tests,yes
tests/Integration/Services/ModuleSourceTest.php,tests,yes
tests/Integration/Services/QuoteServiceTest.php,tests,yes
tests/Integration/Services/RateLimiterTest.php,tests,yes
tests/Integration/Services/SmtpServiceComprehensiveTest.php,tests,yes
tests/Integration/Services/SmtpServiceTest.php,tests,yes
tests/Integration/Services/TicketLifecycleServiceTest.php,tests,yes
tests/Integration/SoftwareSubscriptions/LicenseDeploymentServiceTest.php,tests,yes
tests/Integration/SoftwareSubscriptions/VendorReconciliationServiceTest.php,tests,yes
tests/Integration/SubscriptionModelTest.php,tests,yes
tests/Integration/TestingEnvironmentIsolationTest.php,tests,yes
tests/Integration/ThreadModelTest.php,tests,yes
tests/Integration/UserModelTest.php,tests,yes
tests/Integration/UserObserverTest.php,tests,yes
tests/Integration/View/Components/AppLayoutTest.php,tests,yes
tests/Integration/View/Components/GuestLayoutTest.php,tests,yes
tests/Integration/Widgets/DashboardWidgetsTest.php,tests,yes
tests/Integration/Workflows/ClientEnrollmentWorkflowTest.php,tests,yes
tests/Integration/Workflows/PaymentToPibFinancialPipelineTest.php,tests,yes
tests/IntegrationTestCase.php,tests,yes
tests/Pest.php,tests,yes
tests/PureUnitTestCase.php,tests,yes
tests/Support/Concerns/CreatesRoleActors.php,tests,yes
tests/Support/EmailFixtures.php,tests,yes
tests/Support/TestAnalyzer.php,tests,yes
tests/Support/TestIsolation/Attributes/Flaky.php,tests,yes
tests/Support/TestIsolation/Attributes/NonBatched.php,tests,yes
tests/Support/TestIsolation/Attributes/NonParallel.php,tests,yes
tests/Support/TestIsolation/HangDetector.php,tests,yes
tests/TestCase.php,tests,yes
tests/Traits/AssertsIdempotency.php,tests,yes
tests/Traits/CreatesTestEvents.php,tests,yes
tests/Traits/MakesRoleActors.php,tests,yes
tests/Unit/Action1/Action1ConfigHelperTest.php,tests,yes
tests/Unit/Alerts/AlertDeliveryDigestHelperTest.php,tests,yes
tests/Unit/Alerts/AlertModelsTest.php,tests,yes
tests/Unit/Alerts/AlertSubscriptionHelperTest.php,tests,yes
tests/Unit/CaseManager/CaseRecordHelperTest.php,tests,yes
tests/Unit/CaseManager/DiagnosticQuickWinHelperTest.php,tests,yes
tests/Unit/ClientPortal/ApprovalRequestHelperTest.php,tests,yes
tests/Unit/ClientPortal/ApprovalRequestLifecycleTest.php,tests,yes
tests/Unit/Commands/ConfigureGmailMailboxCommandTest.php,tests,yes
tests/Unit/ContractManager/BillingAndScheduleHelperTest.php,tests,yes
tests/Unit/ContractManager/ContractManagerModelHelpersTest.php,tests,yes
tests/Unit/Crm/ClientConversationHelperTest.php,tests,yes
tests/Unit/Crm/CrmModelsTest.php,tests,yes
tests/Unit/CustomerControllerTest.php,tests,yes
tests/Unit/EmailModelEnhancedTest.php,tests,yes
tests/Unit/EventsTest.php,tests,yes
tests/Unit/FeatureWriteAssertionDepthGuardTest.php,tests,yes
tests/Unit/Http/Controllers/Api/ConversationControllerTest.php,tests,yes
tests/Unit/Http/RequestsAndNotificationsTest.php,tests,yes
tests/Unit/Mail/AlertTest.php,tests,yes
tests/Unit/Mail/AutoReplyEnhancedTest.php,tests,yes
tests/Unit/Mail/ConversationReplyNotificationEnhancedTest.php,tests,yes
tests/Unit/MailHelperTest.php,tests,yes
tests/Unit/MailTest.php,tests,yes
tests/Unit/MailVarsTest.php,tests,yes
tests/Unit/MailboxPolicyTest.php,tests,yes
tests/Unit/Middleware/EnsureUserIsAdminTest.php,tests,yes
tests/Unit/Middleware/FrameGuardTest.php,tests,yes
tests/Unit/Middleware/ResponseHeadersTest.php,tests,yes
tests/Unit/Misc/HelperLogicTest.php,tests,yes
tests/Unit/Misc/HelperTest.php,tests,yes
tests/Unit/Misc/HelpersTest.php,tests,yes
tests/Unit/Misc/ImapServicePureLogicTest.php,tests,yes
tests/Unit/Misc/MailHelperGetMessageIdHashTest.php,tests,yes
tests/Unit/Misc/MailHelperIsAutoResponderTest.php,tests,yes
tests/Unit/Misc/MailHelperReplaceVarsTest.php,tests,yes
tests/Unit/Misc/MailHelperTest.php,tests,yes
tests/Unit/Misc/MailHelperUtilityMethodsTest.php,tests,yes
tests/Unit/Misc/OAuthTest.php,tests,yes
tests/Unit/Misc/WpApiServiceTest.php,tests,yes
tests/Unit/Models/ActivityLogTest.php,tests,yes
tests/Unit/Models/AttachmentModelTest.php,tests,yes
tests/Unit/Models/AttachmentTest.php,tests,yes
tests/Unit/Models/ConversationHelperTest.php,tests,yes
tests/Unit/Models/CustomerHelperTest.php,tests,yes
tests/Unit/Models/CustomerSetDataTest.php,tests,yes
tests/Unit/Models/EmailModelTest.php,tests,yes
tests/Unit/Models/FolderHelperTest.php,tests,yes
tests/Unit/Models/GooglePushChannelTest.php,tests,yes
tests/Unit/Models/MailboxAliasTest.php,tests,yes
tests/Unit/Models/RoleChannelHelperTest.php,tests,yes
tests/Unit/Models/SavedSearchTest.php,tests,yes
tests/Unit/Models/SendLogModelTest.php,tests,yes
tests/Unit/Models/SyncOperationHelperTest.php,tests,yes
tests/Unit/Models/SyncOperationMutatorTest.php,tests,yes
tests/Unit/Models/ThreadHelperTest.php,tests,yes
tests/Unit/Models/UserAdminTest.php,tests,yes
tests/Unit/Models/UserHelperMethodsTest.php,tests,yes
tests/Unit/Models/UserPermissionLogicTest.php,tests,yes
tests/Unit/ModuleUnitIsolationGuardTest.php,tests,yes
tests/Unit/OptionModelTest.php,tests,yes
tests/Unit/PIB/BillingAdjustmentLifecycleTest.php,tests,yes
tests/Unit/PIB/DiscrepancyAndAdjustmentHelperTest.php,tests,yes
tests/Unit/PIB/InvoiceModelTest.php,tests,yes
tests/Unit/PIB/InvoiceServiceUsageLifecycleTest.php,tests,yes
tests/Unit/PIB/ReconciliationTimeEntryHelperTest.php,tests,yes
tests/Unit/PIB/UsageAndCreditHelperTest.php,tests,yes
tests/Unit/Payment/PaymentLifecycleTransitionTest.php,tests,yes
tests/Unit/Payment/PaymentModelHelpersTest.php,tests,yes
tests/Unit/Policies/AdvancedPolicyTest.php,tests,yes
tests/Unit/Policies/ClientPolicyTest.php,tests,yes
tests/Unit/Policies/ClientUserPolicyTest.php,tests,yes
tests/Unit/Policies/ThreadPolicyTest.php,tests,yes
tests/Unit/ProrationServiceTest.php,tests,yes
tests/Unit/RefreshDatabaseUsageGuardTest.php,tests,yes
tests/Unit/Requests/LoginRequestTest.php,tests,yes
tests/Unit/SendAutoReplyJobTest.php,tests,yes
tests/Unit/Services/CacheServiceTest.php,tests,yes
tests/Unit/Services/CircuitBreakerServiceTest.php,tests,yes
tests/Unit/Services/ModuleSourceServiceHelperTest.php,tests,yes
tests/Unit/Services/ModuleSourceServiceTest.php,tests,yes
tests/Unit/Services/ProrationServiceTest.php,tests,yes
tests/Unit/Services/RateLimiterServiceFacadeTest.php,tests,yes
tests/Unit/Services/RateLimiterServiceTest.php,tests,yes
tests/Unit/Services/SmtpServiceComprehensiveTest.php,tests,yes
tests/Unit/Services/SmtpServicePureLogicTest.php,tests,yes
tests/Unit/Services/WidgetRegistryServiceTest.php,tests,yes
tests/Unit/SoftwareSubscriptions/SoftwareProductHelperTest.php,tests,yes
tests/Unit/UnitFrameworkBootingGuardTest.php,tests,yes
tests/Unit/UserPolicyTest.php,tests,yes
tests/Unit/VersionedEventTest.php,tests,yes
tests/UnitTestCase.php,tests,yes
